family,arm,metric,runs,total_worlds,missing_runs,n,mean,median,sd,min,max,ci95_low,ci95_high
E1,k1_beta0.3_width0.02_budget1.0,initial_Y,1,1,0,1,1.727524002950685,1.727524002950685,,1.727524002950685,1.727524002950685,,
E1,k1_beta0.3_width0.02_budget1.0,final_Y,1,1,0,1,1.8467385789865507,1.8467385789865507,,1.8467385789865507,1.8467385789865507,,
E1,k1_beta0.3_width0.02_budget1.0,final_reward,1,1,0,1,1.8467385789865507,1.8467385789865507,,1.8467385789865507,1.8467385789865507,,
E1,k1_beta0.3_width0.02_budget1.0,improvement,1,1,0,1,0.1192145760358656,0.1192145760358656,,0.1192145760358656,0.1192145760358656,,
E1,k1_beta0.3_width0.02_budget1.0,gap_to_best_found,1,1,0,1,0.17388457559830006,0.17388457559830006,,0.17388457559830006,0.17388457559830006,,
E1,k1_beta0.3_width0.02_budget1.0,settling_period,1,1,1,0,,,,,,,
E1,k1_beta0.3_width0.02_budget1.0,total_overload,1,1,0,1,0.01488618368430572,0.01488618368430572,,0.01488618368430572,0.01488618368430572,,
E1,k1_beta0.3_width0.02_budget1.0,skipped_turns,1,1,0,1,0.0,0.0,,0.0,0.0,,
E1,k1_beta0.3_width0.02_budget1.0,jump_events,1,1,0,1,0.0,0.0,,0.0,0.0,,
E1,k1_beta0.3_width0.02_budget1.0,bound_violations,1,1,0,1,0.0,0.0,,0.0,0.0,,
E1,k1_beta0.3_width0.02_budget1.0,tail_target_range,1,1,0,1,0.30101960797644006,0.30101960797644006,,0.30101960797644006,0.30101960797644006,,
E1,k1_beta0.3_width0.02_budget1.0,target_path_length,1,1,0,1,1.1042403610213025,1.1042403610213025,,1.1042403610213025,1.1042403610213025,,
E1,k1_beta0.3_width0.02_budget1.0,within_one_percent_best,1,1,0,1,0.0,0.0,,0.0,0.0,,
E1,k1_beta0.3_width0.02_budget1.0,mean_absolute_staleness,1,1,0,1,0.1925620444625826,0.1925620444625826,,0.1925620444625826,0.1925620444625826,,
E1,k1_beta0.3_width0.02_budget1.0,max_curvature_fit_error,1,1,0,1,1.836308882730009e-13,1.836308882730009e-13,,1.836308882730009e-13,1.836308882730009e-13,,
E1,k1_beta0.3_width0.02_budget1.0,max_slope_fit_error,1,1,0,1,2.1094237467877974e-13,2.1094237467877974e-13,,2.1094237467877974e-13,2.1094237467877974e-13,,
E1,k1_beta0.3_width0.02_budget1.0,max_valid_identification_error,1,1,0,1,2.1094237467877974e-13,2.1094237467877974e-13,,2.1094237467877974e-13,2.1094237467877974e-13,,
E1,k1_beta0.3_width0.02_budget1.0,max_exploration_formula_error,1,1,0,1,3.617765809149631e-15,3.617765809149631e-15,,3.617765809149631e-15,3.617765809149631e-15,,
E1,k1_beta0.3_width0.02_budget1.0,mean_overload,1,1,0,1,0.0011450910526389015,0.0011450910526389015,,0.0011450910526389015,0.0011450910526389015,,
E1,k1_beta0.3_width0.02_budget1.0,overload_period_fraction,1,1,0,1,0.07692307692307693,0.07692307692307693,,0.07692307692307693,0.07692307692307693,,
E1,k1_beta0.3_width0.02_budget1.0,tail_mean_Y,1,1,0,1,1.8600973918115449,1.8600973918115449,,1.8600973918115449,1.8600973918115449,,
E1,k1_beta0.3_width0.02_budget1.0,tail_mean_reward,1,1,0,1,1.858952300758906,1.858952300758906,,1.858952300758906,1.858952300758906,,
E1,k1_beta0.3_width0.02_budget1.0,tail_price_range,1,1,0,1,1000.0,1000.0,,1000.0,1000.0,,
E1,k1_beta0.3_width0.02_budget1.0,settling_observed,1,1,0,1,0.0,0.0,,0.0,0.0,,
E1,k1_beta0.3_width0.02_budget1.0,skip_fraction,1,1,0,1,0.0,0.0,,0.0,0.0,,
E1,k1_beta0.3_width0.02_budget1.0,eligible_fit_count,1,1,0,1,12.0,12.0,,12.0,12.0,,
E1,k1_beta0.3_width0.02_budget1.0,fit_count,1,1,0,1,12.0,12.0,,12.0,12.0,,
E1,k1_beta0.3_width0.02_budget1.0,max_complementarity_residual,1,1,0,1,14.886183684306609,14.886183684306609,,14.886183684306609,14.886183684306609,,
E1,k1_beta0.3_width0.02_budget1.0,final_target_budget_excess,1,1,0,1,0.0,0.0,,0.0,0.0,,
E1,k1_beta0.3_width0.02_budget1.0,final_budget_feasible,1,1,0,1,1.0,1.0,,1.0,1.0,,
E1,k1_beta0.3_width0.02_budget1.0,global_certified,1,1,0,1,1.0,1.0,,1.0,1.0,,
E1,k5_beta1.0_width0.2_budget3.0,initial_Y,1,1,0,1,2.4307786875548123,2.4307786875548123,,2.4307786875548123,2.4307786875548123,,
E1,k5_beta1.0_width0.2_budget3.0,final_Y,1,1,0,1,2.4307786875548123,2.4307786875548123,,2.4307786875548123,2.4307786875548123,,
E1,k5_beta1.0_width0.2_budget3.0,final_reward,1,1,0,1,2.4307786875548123,2.4307786875548123,,2.4307786875548123,2.4307786875548123,,
E1,k5_beta1.0_width0.2_budget3.0,improvement,1,1,0,1,0.0,0.0,,0.0,0.0,,
E1,k5_beta1.0_width0.2_budget3.0,gap_to_best_found,1,1,0,1,0.30549933222939707,0.30549933222939707,,0.30549933222939707,0.30549933222939707,,
E1,k5_beta1.0_width0.2_budget3.0,settling_period,1,1,1,0,,,,,,,
E1,k5_beta1.0_width0.2_budget3.0,total_overload,1,1,0,1,0.0,0.0,,0.0,0.0,,
E1,k5_beta1.0_width0.2_budget3.0,skipped_turns,1,1,0,1,60.0,60.0,,60.0,60.0,,
E1,k5_beta1.0_width0.2_budget3.0,jump_events,1,1,0,1,0.0,0.0,,0.0,0.0,,
E1,k5_beta1.0_width0.2_budget3.0,bound_violations,1,1,0,1,0.0,0.0,,0.0,0.0,,
E1,k5_beta1.0_width0.2_budget3.0,tail_target_range,1,1,0,1,0.0,0.0,,0.0,0.0,,
E1,k5_beta1.0_width0.2_budget3.0,target_path_length,1,1,0,1,0.0,0.0,,0.0,0.0,,
E1,k5_beta1.0_width0.2_budget3.0,within_one_percent_best,1,1,0,1,0.0,0.0,,0.0,0.0,,
E1,k5_beta1.0_width0.2_budget3.0,mean_absolute_staleness,1,1,0,1,0.8025161939372475,0.8025161939372475,,0.8025161939372475,0.8025161939372475,,
E1,k5_beta1.0_width0.2_budget3.0,max_curvature_fit_error,1,1,1,0,,,,,,,
E1,k5_beta1.0_width0.2_budget3.0,max_slope_fit_error,1,1,1,0,,,,,,,
E1,k5_beta1.0_width0.2_budget3.0,max_valid_identification_error,1,1,1,0,,,,,,,
E1,k5_beta1.0_width0.2_budget3.0,max_exploration_formula_error,1,1,0,1,8.881784197001252e-16,8.881784197001252e-16,,8.881784197001252e-16,8.881784197001252e-16,,
E1,k5_beta1.0_width0.2_budget3.0,mean_overload,1,1,0,1,0.0,0.0,,0.0,0.0,,
E1,k5_beta1.0_width0.2_budget3.0,overload_period_fraction,1,1,0,1,0.0,0.0,,0.0,0.0,,
E1,k5_beta1.0_width0.2_budget3.0,tail_mean_Y,1,1,0,1,2.4307786875548127,2.4307786875548127,,2.4307786875548127,2.4307786875548127,,
E1,k5_beta1.0_width0.2_budget3.0,tail_mean_reward,1,1,0,1,2.4307786875548127,2.4307786875548127,,2.4307786875548127,2.4307786875548127,,
E1,k5_beta1.0_width0.2_budget3.0,tail_price_range,1,1,0,1,0.0,0.0,,0.0,0.0,,
E1,k5_beta1.0_width0.2_budget3.0,settling_observed,1,1,0,1,0.0,0.0,,0.0,0.0,,
E1,k5_beta1.0_width0.2_budget3.0,skip_fraction,1,1,0,1,1.0,1.0,,1.0,1.0,,
E1,k5_beta1.0_width0.2_budget3.0,eligible_fit_count,1,1,0,1,0.0,0.0,,0.0,0.0,,
E1,k5_beta1.0_width0.2_budget3.0,fit_count,1,1,0,1,0.0,0.0,,0.0,0.0,,
E1,k5_beta1.0_width0.2_budget3.0,max_complementarity_residual,1,1,0,1,2.2128550337558835e-10,2.2128550337558835e-10,,2.2128550337558835e-10,2.2128550337558835e-10,,
E1,k5_beta1.0_width0.2_budget3.0,final_target_budget_excess,1,1,0,1,0.0,0.0,,0.0,0.0,,
E1,k5_beta1.0_width0.2_budget3.0,final_budget_feasible,1,1,0,1,1.0,1.0,,1.0,1.0,,
E1,k5_beta1.0_width0.2_budget3.0,global_certified,1,1,0,1,1.0,1.0,,1.0,1.0,,
E10,n12,initial_Y,1,1,0,1,5.322048836244105,5.322048836244105,,5.322048836244105,5.322048836244105,,
E10,n12,final_Y,1,1,0,1,9.74053482667763,9.74053482667763,,9.74053482667763,9.74053482667763,,
E10,n12,final_reward,1,1,0,1,9.74053482667763,9.74053482667763,,9.74053482667763,9.74053482667763,,
E10,n12,improvement,1,1,0,1,4.418485990433525,4.418485990433525,,4.418485990433525,4.418485990433525,,
E10,n12,gap_to_best_found,1,1,0,1,0.7931223258249691,0.7931223258249691,,0.7931223258249691,0.7931223258249691,,
E10,n12,settling_period,1,1,1,0,,,,,,,
E10,n12,total_overload,1,1,0,1,0.0,0.0,,0.0,0.0,,
E10,n12,skipped_turns,1,1,0,1,0.0,0.0,,0.0,0.0,,
E10,n12,jump_events,1,1,0,1,0.0,0.0,,0.0,0.0,,
E10,n12,bound_violations,1,1,0,1,0.0,0.0,,0.0,0.0,,
E10,n12,tail_target_range,1,1,0,1,0.5352248146529547,0.5352248146529547,,0.5352248146529547,0.5352248146529547,,
E10,n12,target_path_length,1,1,0,1,2.998416041363342,2.998416041363342,,2.998416041363342,2.998416041363342,,
E10,n12,within_one_percent_best,1,1,0,1,0.0,0.0,,0.0,0.0,,
E10,n12,mean_absolute_staleness,1,1,0,1,1.0524353389301775,1.0524353389301775,,1.0524353389301775,1.0524353389301775,,
E10,n12,max_curvature_fit_error,1,1,0,1,3.170796958329447e-13,3.170796958329447e-13,,3.170796958329447e-13,3.170796958329447e-13,,
E10,n12,max_slope_fit_error,1,1,0,1,3.5860203695392556e-13,3.5860203695392556e-13,,3.5860203695392556e-13,3.5860203695392556e-13,,
E10,n12,max_valid_identification_error,1,1,0,1,3.5860203695392556e-13,3.5860203695392556e-13,,3.5860203695392556e-13,3.5860203695392556e-13,,
E10,n12,max_exploration_formula_error,1,1,0,1,5.96453225351623e-14,5.96453225351623e-14,,5.96453225351623e-14,5.96453225351623e-14,,
E10,n12,mean_overload,1,1,0,1,0.0,0.0,,0.0,0.0,,
E10,n12,overload_period_fraction,1,1,0,1,0.0,0.0,,0.0,0.0,,
E10,n12,tail_mean_Y,1,1,0,1,7.82599481108639,7.82599481108639,,7.82599481108639,7.82599481108639,,
E10,n12,tail_mean_reward,1,1,0,1,7.82599481108639,7.82599481108639,,7.82599481108639,7.82599481108639,,
E10,n12,tail_price_range,1,1,0,1,0.20994320698264346,0.20994320698264346,,0.20994320698264346,0.20994320698264346,,
E10,n12,settling_observed,1,1,0,1,0.0,0.0,,0.0,0.0,,
E10,n12,skip_fraction,1,1,0,1,0.0,0.0,,0.0,0.0,,
E10,n12,eligible_fit_count,1,1,0,1,12.0,12.0,,12.0,12.0,,
E10,n12,fit_count,1,1,0,1,12.0,12.0,,12.0,12.0,,
E10,n12,max_complementarity_residual,1,1,0,1,4.744143285823098e-10,4.744143285823098e-10,,4.744143285823098e-10,4.744143285823098e-10,,
E10,n12,final_target_budget_excess,1,1,0,1,0.0,0.0,,0.0,0.0,,
E10,n12,final_budget_feasible,1,1,0,1,1.0,1.0,,1.0,1.0,,
E10,n12,global_certified,1,1,0,1,0.0,0.0,,0.0,0.0,,
E10,n3,initial_Y,1,1,0,1,0.3080445610657275,0.3080445610657275,,0.3080445610657275,0.3080445610657275,,
E10,n3,final_Y,1,1,0,1,0.4443454795953315,0.4443454795953315,,0.4443454795953315,0.4443454795953315,,
E10,n3,final_reward,1,1,0,1,0.4443454795953315,0.4443454795953315,,0.4443454795953315,0.4443454795953315,,
E10,n3,improvement,1,1,0,1,0.13630091852960402,0.13630091852960402,,0.13630091852960402,0.13630091852960402,,
E10,n3,gap_to_best_found,1,1,0,1,0.16511934115079602,0.16511934115079602,,0.16511934115079602,0.16511934115079602,,
E10,n3,settling_period,1,1,1,0,,,,,,,
E10,n3,total_overload,1,1,0,1,0.29734756473372537,0.29734756473372537,,0.29734756473372537,0.29734756473372537,,
E10,n3,skipped_turns,1,1,0,1,0.0,0.0,,0.0,0.0,,
E10,n3,jump_events,1,1,0,1,0.0,0.0,,0.0,0.0,,
E10,n3,bound_violations,1,1,0,1,0.0,0.0,,0.0,0.0,,
E10,n3,tail_target_range,1,1,0,1,0.6334090418503586,0.6334090418503586,,0.6334090418503586,0.6334090418503586,,
E10,n3,target_path_length,1,1,0,1,2.961807369309825,2.961807369309825,,2.961807369309825,2.961807369309825,,
E10,n3,within_one_percent_best,1,1,0,1,0.0,0.0,,0.0,0.0,,
E10,n3,mean_absolute_staleness,1,1,0,1,0.2857749512255968,0.2857749512255968,,0.2857749512255968,0.2857749512255968,,
E10,n3,max_curvature_fit_error,1,1,0,1,4.8960835385969403e-14,4.8960835385969403e-14,,4.8960835385969403e-14,4.8960835385969403e-14,,
E10,n3,max_slope_fit_error,1,1,0,1,6.38378239159465e-14,6.38378239159465e-14,,6.38378239159465e-14,6.38378239159465e-14,,
E10,n3,max_valid_identification_error,1,1,0,1,6.38378239159465e-14,6.38378239159465e-14,,6.38378239159465e-14,6.38378239159465e-14,,
E10,n3,max_exploration_formula_error,1,1,0,1,7.216449660063518e-16,7.216449660063518e-16,,7.216449660063518e-16,7.216449660063518e-16,,
E10,n3,mean_overload,1,1,0,1,0.02287288959490195,0.02287288959490195,,0.02287288959490195,0.02287288959490195,,
E10,n3,overload_period_fraction,1,1,0,1,0.07692307692307693,0.07692307692307693,,0.07692307692307693,0.07692307692307693,,
E10,n3,tail_mean_Y,1,1,0,1,0.45550903589040254,0.45550903589040254,,0.45550903589040254,0.45550903589040254,,
E10,n3,tail_mean_reward,1,1,0,1,0.4326361462955006,0.4326361462955006,,0.4326361462955006,0.4326361462955006,,
E10,n3,tail_price_range,1,1,0,1,1000.0,1000.0,,1000.0,1000.0,,
E10,n3,settling_observed,1,1,0,1,0.0,0.0,,0.0,0.0,,
E10,n3,skip_fraction,1,1,0,1,0.0,0.0,,0.0,0.0,,
E10,n3,eligible_fit_count,1,1,0,1,12.0,12.0,,12.0,12.0,,
E10,n3,fit_count,1,1,0,1,12.0,12.0,,12.0,12.0,,
E10,n3,max_complementarity_residual,1,1,0,1,297.3475647337254,297.3475647337254,,297.3475647337254,297.3475647337254,,
E10,n3,final_target_budget_excess,1,1,0,1,0.2911686182887401,0.2911686182887401,,0.2911686182887401,0.2911686182887401,,
E10,n3,final_budget_feasible,1,1,0,1,1.0,1.0,,1.0,1.0,,
E10,n3,global_certified,1,1,0,1,0.0,0.0,,0.0,0.0,,
E11,budget0.5,initial_Y,1,1,0,1,1.3197093801331348,1.3197093801331348,,1.3197093801331348,1.3197093801331348,,
E11,budget0.5,final_Y,1,1,0,1,1.3404727340643519,1.3404727340643519,,1.3404727340643519,1.3404727340643519,,
E11,budget0.5,final_reward,1,1,0,1,1.1492044281833091,1.1492044281833091,,1.1492044281833091,1.1492044281833091,,
E11,budget0.5,improvement,1,1,0,1,0.020763353931217088,0.020763353931217088,,0.020763353931217088,0.020763353931217088,,
E11,budget0.5,gap_to_best_found,1,1,0,1,0.21246361247273415,0.21246361247273415,,0.21246361247273415,0.21246361247273415,,
E11,budget0.5,settling_period,1,1,1,0,,,,,,,
E11,budget0.5,total_overload,1,1,0,1,0.605480863706338,0.605480863706338,,0.605480863706338,0.605480863706338,,
E11,budget0.5,skipped_turns,1,1,0,1,0.0,0.0,,0.0,0.0,,
E11,budget0.5,jump_events,1,1,0,1,0.0,0.0,,0.0,0.0,,
E11,budget0.5,bound_violations,1,1,0,1,0.0,0.0,,0.0,0.0,,
E11,budget0.5,tail_target_range,1,1,0,1,0.5149368305883542,0.5149368305883542,,0.5149368305883542,0.5149368305883542,,
E11,budget0.5,target_path_length,1,1,0,1,1.9675235630038783,1.9675235630038783,,1.9675235630038783,1.9675235630038783,,
E11,budget0.5,within_one_percent_best,1,1,0,1,0.0,0.0,,0.0,0.0,,
E11,budget0.5,mean_absolute_staleness,1,1,0,1,0.1646510251615424,0.1646510251615424,,0.1646510251615424,0.1646510251615424,,
E11,budget0.5,max_curvature_fit_error,1,1,0,1,1.9156898289907076e-13,1.9156898289907076e-13,,1.9156898289907076e-13,1.9156898289907076e-13,,
E11,budget0.5,max_slope_fit_error,1,1,0,1,1.6542323066914832e-13,1.6542323066914832e-13,,1.6542323066914832e-13,1.6542323066914832e-13,,
E11,budget0.5,max_valid_identification_error,1,1,0,1,1.9156898289907076e-13,1.9156898289907076e-13,,1.9156898289907076e-13,1.9156898289907076e-13,,
E11,budget0.5,max_exploration_formula_error,1,1,0,1,2.7289368681460147e-15,2.7289368681460147e-15,,2.7289368681460147e-15,2.7289368681460147e-15,,
E11,budget0.5,mean_overload,1,1,0,1,0.046575451054333694,0.046575451054333694,,0.046575451054333694,0.046575451054333694,,
E11,budget0.5,overload_period_fraction,1,1,0,1,0.15384615384615385,0.15384615384615385,,0.15384615384615385,0.15384615384615385,,
E11,budget0.5,tail_mean_Y,1,1,0,1,1.4490861529510992,1.4490861529510992,,1.4490861529510992,1.4490861529510992,,
E11,budget0.5,tail_mean_reward,1,1,0,1,1.4025107018967657,1.4025107018967657,,1.4025107018967657,1.4025107018967657,,
E11,budget0.5,tail_price_range,1,1,0,1,1000.0,1000.0,,1000.0,1000.0,,
E11,budget0.5,settling_observed,1,1,0,1,0.0,0.0,,0.0,0.0,,
E11,budget0.5,skip_fraction,1,1,0,1,0.0,0.0,,0.0,0.0,,
E11,budget0.5,eligible_fit_count,1,1,0,1,12.0,12.0,,12.0,12.0,,
E11,budget0.5,fit_count,1,1,0,1,12.0,12.0,,12.0,12.0,,
E11,budget0.5,max_complementarity_residual,1,1,0,1,414.21255782529533,414.21255782529533,,414.21255782529533,414.21255782529533,,
E11,budget0.5,final_target_budget_excess,1,1,0,1,0.5256998096223442,0.5256998096223442,,0.5256998096223442,0.5256998096223442,,
E11,budget0.5,final_budget_feasible,1,1,0,1,0.0,0.0,,0.0,0.0,,
E11,budget0.5,global_certified,1,1,0,1,0.0,0.0,,0.0,0.0,,
E11,budget3.0,initial_Y,1,1,0,1,3.7389864572687164,3.7389864572687164,,3.7389864572687164,3.7389864572687164,,
E11,budget3.0,final_Y,1,1,0,1,3.859580265892087,3.859580265892087,,3.859580265892087,3.859580265892087,,
E11,budget3.0,final_reward,1,1,0,1,3.859580265892087,3.859580265892087,,3.859580265892087,3.859580265892087,,
E11,budget3.0,improvement,1,1,0,1,0.12059380862337044,0.12059380862337044,,0.12059380862337044,0.12059380862337044,,
E11,budget3.0,gap_to_best_found,1,1,0,1,0.0018619672365316475,0.0018619672365316475,,0.0018619672365316475,0.0018619672365316475,,
E11,budget3.0,settling_period,1,1,1,0,,,,,,,
E11,budget3.0,total_overload,1,1,0,1,0.0,0.0,,0.0,0.0,,
E11,budget3.0,skipped_turns,1,1,0,1,0.0,0.0,,0.0,0.0,,
E11,budget3.0,jump_events,1,1,0,1,0.0,0.0,,0.0,0.0,,
E11,budget3.0,bound_violations,1,1,0,1,0.0,0.0,,0.0,0.0,,
E11,budget3.0,tail_target_range,1,1,0,1,0.44123289653339404,0.44123289653339404,,0.44123289653339404,0.44123289653339404,,
E11,budget3.0,target_path_length,1,1,0,1,0.5624830238100322,0.5624830238100322,,0.5624830238100322,0.5624830238100322,,
E11,budget3.0,within_one_percent_best,1,1,0,1,1.0,1.0,,1.0,1.0,,
E11,budget3.0,mean_absolute_staleness,1,1,0,1,0.289842181901283,0.289842181901283,,0.289842181901283,0.289842181901283,,
E11,budget3.0,max_curvature_fit_error,1,1,0,1,3.4811042937121783e-13,3.4811042937121783e-13,,3.4811042937121783e-13,3.4811042937121783e-13,,
E11,budget3.0,max_slope_fit_error,1,1,0,1,6.403766406037903e-13,6.403766406037903e-13,,6.403766406037903e-13,6.403766406037903e-13,,
E11,budget3.0,max_valid_identification_error,1,1,0,1,6.403766406037903e-13,6.403766406037903e-13,,6.403766406037903e-13,6.403766406037903e-13,,
E11,budget3.0,max_exploration_formula_error,1,1,0,1,7.099789506304077e-15,7.099789506304077e-15,,7.099789506304077e-15,7.099789506304077e-15,,
E11,budget3.0,mean_overload,1,1,0,1,0.0,0.0,,0.0,0.0,,
E11,budget3.0,overload_period_fraction,1,1,0,1,0.0,0.0,,0.0,0.0,,
E11,budget3.0,tail_mean_Y,1,1,0,1,3.799939019972892,3.799939019972892,,3.799939019972892,3.799939019972892,,
E11,budget3.0,tail_mean_reward,1,1,0,1,3.799939019972892,3.799939019972892,,3.799939019972892,3.799939019972892,,
E11,budget3.0,tail_price_range,1,1,0,1,0.03703860159021133,0.03703860159021133,,0.03703860159021133,0.03703860159021133,,
E11,budget3.0,settling_observed,1,1,0,1,0.0,0.0,,0.0,0.0,,
E11,budget3.0,skip_fraction,1,1,0,1,0.0,0.0,,0.0,0.0,,
E11,budget3.0,eligible_fit_count,1,1,0,1,12.0,12.0,,12.0,12.0,,
E11,budget3.0,fit_count,1,1,0,1,12.0,12.0,,12.0,12.0,,
E11,budget3.0,max_complementarity_residual,1,1,0,1,2.3598333809407034e-10,2.3598333809407034e-10,,2.3598333809407034e-10,2.3598333809407034e-10,,
E11,budget3.0,final_target_budget_excess,1,1,0,1,0.0,0.0,,0.0,0.0,,
E11,budget3.0,final_budget_feasible,1,1,0,1,1.0,1.0,,1.0,1.0,,
E11,budget3.0,global_certified,1,1,0,1,0.0,0.0,,0.0,0.0,,
E12,interference_right,initial_Y,1,1,0,1,0.3372666848007042,0.3372666848007042,,0.3372666848007042,0.3372666848007042,,
E12,interference_right,final_Y,1,1,0,1,0.586819474630596,0.586819474630596,,0.586819474630596,0.586819474630596,,
E12,interference_right,final_reward,1,1,0,1,0.42424906274707463,0.42424906274707463,,0.42424906274707463,0.42424906274707463,,
E12,interference_right,improvement,1,1,0,1,0.24955278982989182,0.24955278982989182,,0.24955278982989182,0.24955278982989182,,
E12,interference_right,gap_to_best_found,1,1,0,1,0.06934501560671691,0.06934501560671691,,0.06934501560671691,0.06934501560671691,,
E12,interference_right,settling_period,1,1,1,0,,,,,,,
E12,interference_right,total_overload,1,1,0,1,1.9716819018610812,1.9716819018610812,,1.9716819018610812,1.9716819018610812,,
E12,interference_right,skipped_turns,1,1,0,1,0.0,0.0,,0.0,0.0,,
E12,interference_right,jump_events,1,1,0,1,0.0,0.0,,0.0,0.0,,
E12,interference_right,bound_violations,1,1,0,1,0.0,0.0,,0.0,0.0,,
E12,interference_right,tail_target_range,1,1,0,1,0.9099990899999999,0.9099990899999999,,0.9099990899999999,0.9099990899999999,,
E12,interference_right,target_path_length,1,1,0,1,3.5864708528845357,3.5864708528845357,,3.5864708528845357,3.5864708528845357,,
E12,interference_right,within_one_percent_best,1,1,0,1,0.0,0.0,,0.0,0.0,,
E12,interference_right,mean_absolute_staleness,1,1,0,1,0.4292807968980756,0.4292807968980756,,0.4292807968980756,0.4292807968980756,,
E12,interference_right,max_curvature_fit_error,1,1,0,1,9.123257704857224e-14,9.123257704857224e-14,,9.123257704857224e-14,9.123257704857224e-14,,
E12,interference_right,max_slope_fit_error,1,1,0,1,8.260059303211165e-14,8.260059303211165e-14,,8.260059303211165e-14,8.260059303211165e-14,,
E12,interference_right,max_valid_identification_error,1,1,0,1,9.123257704857224e-14,9.123257704857224e-14,,9.123257704857224e-14,9.123257704857224e-14,,
E12,interference_right,max_exploration_formula_error,1,1,0,1,9.730714498057402e-16,9.730714498057402e-16,,9.730714498057402e-16,9.730714498057402e-16,,
E12,interference_right,mean_overload,1,1,0,1,0.15166783860469854,0.15166783860469854,,0.15166783860469854,0.15166783860469854,,
E12,interference_right,overload_period_fraction,1,1,0,1,0.3076923076923077,0.3076923076923077,,0.3076923076923077,0.3076923076923077,,
E12,interference_right,tail_mean_Y,1,1,0,1,0.466401705135756,0.466401705135756,,0.466401705135756,0.466401705135756,,
E12,interference_right,tail_mean_reward,1,1,0,1,0.31473386653105745,0.31473386653105745,,0.31473386653105745,0.31473386653105745,,
E12,interference_right,tail_price_range,1,1,0,1,1000.0,1000.0,,1000.0,1000.0,,
E12,interference_right,settling_observed,1,1,0,1,0.0,0.0,,0.0,0.0,,
E12,interference_right,skip_fraction,1,1,0,1,0.0,0.0,,0.0,0.0,,
E12,interference_right,eligible_fit_count,1,1,0,1,12.0,12.0,,12.0,12.0,,
E12,interference_right,fit_count,1,1,0,1,12.0,12.0,,12.0,12.0,,
E12,interference_right,max_complementarity_residual,1,1,0,1,1223.9208315634146,1223.9208315634146,,1223.9208315634146,1223.9208315634146,,
E12,interference_right,final_target_budget_excess,1,1,0,1,0.3365977205805786,0.3365977205805786,,0.3365977205805786,0.3365977205805786,,
E12,interference_right,final_budget_feasible,1,1,0,1,0.0,0.0,,0.0,0.0,,
E12,interference_right,global_certified,1,1,0,1,0.0,0.0,,0.0,0.0,,
E12,linear,initial_Y,1,1,0,1,0.9481808381578958,0.9481808381578958,,0.9481808381578958,0.9481808381578958,,
E12,linear,final_Y,1,1,0,1,0.370198195937141,0.370198195937141,,0.370198195937141,0.370198195937141,,
E12,linear,final_reward,1,1,0,1,0.370198195937141,0.370198195937141,,0.370198195937141,0.370198195937141,,
E12,linear,improvement,1,1,0,1,-0.5779826422207548,-0.5779826422207548,,-0.5779826422207548,-0.5779826422207548,,
E12,linear,gap_to_best_found,1,1,0,1,0.60954170903997,0.60954170903997,,0.60954170903997,0.60954170903997,,
E12,linear,settling_period,1,1,1,0,,,,,,,
E12,linear,total_overload,1,1,0,1,3.0050109424078193,3.0050109424078193,,3.0050109424078193,3.0050109424078193,,
E12,linear,skipped_turns,1,1,0,1,0.0,0.0,,0.0,0.0,,
E12,linear,jump_events,1,1,0,1,0.0,0.0,,0.0,0.0,,
E12,linear,bound_violations,1,1,0,1,0.0,0.0,,0.0,0.0,,
E12,linear,tail_target_range,1,1,0,1,0.6673840258222854,0.6673840258222854,,0.6673840258222854,0.6673840258222854,,
E12,linear,target_path_length,1,1,0,1,4.671318101658718,4.671318101658718,,4.671318101658718,4.671318101658718,,
E12,linear,within_one_percent_best,1,1,0,1,0.0,0.0,,0.0,0.0,,
E12,linear,mean_absolute_staleness,1,1,0,1,0.057692307692400226,0.057692307692400226,,0.057692307692400226,0.057692307692400226,,
E12,linear,max_curvature_fit_error,1,1,0,1,2.537033083616076e-13,2.537033083616076e-13,,2.537033083616076e-13,2.537033083616076e-13,,
E12,linear,max_slope_fit_error,1,1,0,1,4.671818487622659e-13,4.671818487622659e-13,,4.671818487622659e-13,4.671818487622659e-13,,
E12,linear,max_valid_identification_error,1,1,0,1,4.671818487622659e-13,4.671818487622659e-13,,4.671818487622659e-13,4.671818487622659e-13,,
E12,linear,max_exploration_formula_error,1,1,0,1,2.7755575615628914e-15,2.7755575615628914e-15,,2.7755575615628914e-15,2.7755575615628914e-15,,
E12,linear,mean_overload,1,1,0,1,0.23115468787752455,0.23115468787752455,,0.23115468787752455,0.23115468787752455,,
E12,linear,overload_period_fraction,1,1,0,1,0.38461538461538464,0.38461538461538464,,0.38461538461538464,0.38461538461538464,,
E12,linear,tail_mean_Y,1,1,0,1,0.8424311423118177,0.8424311423118177,,0.8424311423118177,0.8424311423118177,,
E12,linear,tail_mean_reward,1,1,0,1,0.6112764544342931,0.6112764544342931,,0.6112764544342931,0.6112764544342931,,
E12,linear,tail_price_range,1,1,0,1,1000.0,1000.0,,1000.0,1000.0,,
E12,linear,settling_observed,1,1,0,1,0.0,0.0,,0.0,0.0,,
E12,linear,skip_fraction,1,1,0,1,0.0,0.0,,0.0,0.0,,
E12,linear,eligible_fit_count,1,1,0,1,12.0,12.0,,12.0,12.0,,
E12,linear,fit_count,1,1,0,1,12.0,12.0,,12.0,12.0,,
E12,linear,max_complementarity_residual,1,1,0,1,1235.0169254951,1235.0169254951,,1235.0169254951,1235.0169254951,,
E12,linear,final_target_budget_excess,1,1,0,1,0.0,0.0,,0.0,0.0,,
E12,linear,final_budget_feasible,1,1,0,1,1.0,1.0,,1.0,1.0,,
E12,linear,global_certified,1,1,0,1,1.0,1.0,,1.0,1.0,,
E2,frustrated_prior0.5_alpha0.0,initial_Y,1,1,0,1,2.3548535031271625,2.3548535031271625,,2.3548535031271625,2.3548535031271625,,
E2,frustrated_prior0.5_alpha0.0,final_Y,1,1,0,1,2.1069821990809516,2.1069821990809516,,2.1069821990809516,2.1069821990809516,,
E2,frustrated_prior0.5_alpha0.0,final_reward,1,1,0,1,2.1069821990809516,2.1069821990809516,,2.1069821990809516,2.1069821990809516,,
E2,frustrated_prior0.5_alpha0.0,improvement,1,1,0,1,-0.24787130404621083,-0.24787130404621083,,-0.24787130404621083,-0.24787130404621083,,
E2,frustrated_prior0.5_alpha0.0,gap_to_best_found,1,1,0,1,0.41493888596457573,0.41493888596457573,,0.41493888596457573,0.41493888596457573,,
E2,frustrated_prior0.5_alpha0.0,settling_period,1,1,1,0,,,,,,,
E2,frustrated_prior0.5_alpha0.0,total_overload,1,1,0,1,0.051388802859605676,0.051388802859605676,,0.051388802859605676,0.051388802859605676,,
E2,frustrated_prior0.5_alpha0.0,skipped_turns,1,1,0,1,0.0,0.0,,0.0,0.0,,
E2,frustrated_prior0.5_alpha0.0,jump_events,1,1,0,1,0.0,0.0,,0.0,0.0,,
E2,frustrated_prior0.5_alpha0.0,bound_violations,1,1,0,1,0.0,0.0,,0.0,0.0,,
E2,frustrated_prior0.5_alpha0.0,tail_target_range,1,1,0,1,0.5333079293351033,0.5333079293351033,,0.5333079293351033,0.5333079293351033,,
E2,frustrated_prior0.5_alpha0.0,target_path_length,1,1,0,1,2.569301807703773,2.569301807703773,,2.569301807703773,2.569301807703773,,
E2,frustrated_prior0.5_alpha0.0,within_one_percent_best,1,1,0,1,0.0,0.0,,0.0,0.0,,
E2,frustrated_prior0.5_alpha0.0,mean_absolute_staleness,1,1,0,1,0.36009443734071833,0.36009443734071833,,0.36009443734071833,0.36009443734071833,,
E2,frustrated_prior0.5_alpha0.0,max_curvature_fit_error,1,1,0,1,1.7841284005726266e-13,1.7841284005726266e-13,,1.7841284005726266e-13,1.7841284005726266e-13,,
E2,frustrated_prior0.5_alpha0.0,max_slope_fit_error,1,1,0,1,2.398081733190338e-13,2.398081733190338e-13,,2.398081733190338e-13,2.398081733190338e-13,,
E2,frustrated_prior0.5_alpha0.0,max_valid_identification_error,1,1,0,1,2.398081733190338e-13,2.398081733190338e-13,,2.398081733190338e-13,2.398081733190338e-13,,
E2,frustrated_prior0.5_alpha0.0,max_exploration_formula_error,1,1,0,1,4.283249102621234e-15,4.283249102621234e-15,,4.283249102621234e-15,4.283249102621234e-15,,
E2,frustrated_prior0.5_alpha0.0,mean_overload,1,1,0,1,0.003952984835354283,0.003952984835354283,,0.003952984835354283,0.003952984835354283,,
E2,frustrated_prior0.5_alpha0.0,overload_period_fraction,1,1,0,1,0.07692307692307693,0.07692307692307693,,0.07692307692307693,0.07692307692307693,,
E2,frustrated_prior0.5_alpha0.0,tail_mean_Y,1,1,0,1,2.180417627789749,2.180417627789749,,2.180417627789749,2.180417627789749,,
E2,frustrated_prior0.5_alpha0.0,tail_mean_reward,1,1,0,1,2.176464642954395,2.176464642954395,,2.176464642954395,2.176464642954395,,
E2,frustrated_prior0.5_alpha0.0,tail_price_range,1,1,0,1,1000.0,1000.0,,1000.0,1000.0,,
E2,frustrated_prior0.5_alpha0.0,settling_observed,1,1,0,1,0.0,0.0,,0.0,0.0,,
E2,frustrated_prior0.5_alpha0.0,skip_fraction,1,1,0,1,0.0,0.0,,0.0,0.0,,
E2,frustrated_prior0.5_alpha0.0,eligible_fit_count,1,1,0,1,12.0,12.0,,12.0,12.0,,
E2,frustrated_prior0.5_alpha0.0,fit_count,1,1,0,1,12.0,12.0,,12.0,12.0,,
E2,frustrated_prior0.5_alpha0.0,max_complementarity_residual,1,1,0,1,51.388802859606564,51.388802859606564,,51.388802859606564,51.388802859606564,,
E2,frustrated_prior0.5_alpha0.0,final_target_budget_excess,1,1,0,1,0.6011298267942449,0.6011298267942449,,0.6011298267942449,0.6011298267942449,,
E2,frustrated_prior0.5_alpha0.0,final_budget_feasible,1,1,0,1,1.0,1.0,,1.0,1.0,,
E2,frustrated_prior0.5_alpha0.0,global_certified,1,1,0,1,0.0,0.0,,0.0,0.0,,
E2,interference_prior2.0_alpha0.6,initial_Y,1,1,0,1,-0.0022490720745214077,-0.0022490720745214077,,-0.0022490720745214077,-0.0022490720745214077,,
E2,interference_prior2.0_alpha0.6,final_Y,1,1,0,1,-0.0022490720745214077,-0.0022490720745214077,,-0.0022490720745214077,-0.0022490720745214077,,
E2,interference_prior2.0_alpha0.6,final_reward,1,1,0,1,-0.0022490720745214077,-0.0022490720745214077,,-0.0022490720745214077,-0.0022490720745214077,,
E2,interference_prior2.0_alpha0.6,improvement,1,1,0,1,0.0,0.0,,0.0,0.0,,
E2,interference_prior2.0_alpha0.6,gap_to_best_found,1,1,0,1,0.8795363338806668,0.8795363338806668,,0.8795363338806668,0.8795363338806668,,
E2,interference_prior2.0_alpha0.6,settling_period,1,1,1,0,,,,,,,
E2,interference_prior2.0_alpha0.6,total_overload,1,1,0,1,0.0,0.0,,0.0,0.0,,
E2,interference_prior2.0_alpha0.6,skipped_turns,1,1,0,1,12.0,12.0,,12.0,12.0,,
E2,interference_prior2.0_alpha0.6,jump_events,1,1,0,1,0.0,0.0,,0.0,0.0,,
E2,interference_prior2.0_alpha0.6,bound_violations,1,1,0,1,0.0,0.0,,0.0,0.0,,
E2,interference_prior2.0_alpha0.6,tail_target_range,1,1,0,1,0.0,0.0,,0.0,0.0,,
E2,interference_prior2.0_alpha0.6,target_path_length,1,1,0,1,0.0,0.0,,0.0,0.0,,
E2,interference_prior2.0_alpha0.6,within_one_percent_best,1,1,0,1,0.0,0.0,,0.0,0.0,,
E2,interference_prior2.0_alpha0.6,mean_absolute_staleness,1,1,0,1,2.3385762375268255,2.3385762375268255,,2.3385762375268255,2.3385762375268255,,
E2,interference_prior2.0_alpha0.6,max_curvature_fit_error,1,1,1,0,,,,,,,
E2,interference_prior2.0_alpha0.6,max_slope_fit_error,1,1,1,0,,,,,,,
E2,interference_prior2.0_alpha0.6,max_valid_identification_error,1,1,1,0,,,,,,,
E2,interference_prior2.0_alpha0.6,max_exploration_formula_error,1,1,0,1,1.7763568394002505e-15,1.7763568394002505e-15,,1.7763568394002505e-15,1.7763568394002505e-15,,
E2,interference_prior2.0_alpha0.6,mean_overload,1,1,0,1,0.0,0.0,,0.0,0.0,,
E2,interference_prior2.0_alpha0.6,overload_period_fraction,1,1,0,1,0.0,0.0,,0.0,0.0,,
E2,interference_prior2.0_alpha0.6,tail_mean_Y,1,1,0,1,-0.0022490720745214077,-0.0022490720745214077,,-0.0022490720745214077,-0.0022490720745214077,,
E2,interference_prior2.0_alpha0.6,tail_mean_reward,1,1,0,1,-0.0022490720745214077,-0.0022490720745214077,,-0.0022490720745214077,-0.0022490720745214077,,
E2,interference_prior2.0_alpha0.6,tail_price_range,1,1,0,1,0.0,0.0,,0.0,0.0,,
E2,interference_prior2.0_alpha0.6,settling_observed,1,1,0,1,0.0,0.0,,0.0,0.0,,
E2,interference_prior2.0_alpha0.6,skip_fraction,1,1,0,1,1.0,1.0,,1.0,1.0,,
E2,interference_prior2.0_alpha0.6,eligible_fit_count,1,1,0,1,0.0,0.0,,0.0,0.0,,
E2,interference_prior2.0_alpha0.6,fit_count,1,1,0,1,0.0,0.0,,0.0,0.0,,
E2,interference_prior2.0_alpha0.6,max_complementarity_residual,1,1,0,1,1.5523315393935834e-10,1.5523315393935834e-10,,1.5523315393935834e-10,1.5523315393935834e-10,,
E2,interference_prior2.0_alpha0.6,final_target_budget_excess,1,1,0,1,0.0,0.0,,0.0,0.0,,
E2,interference_prior2.0_alpha0.6,final_budget_feasible,1,1,0,1,1.0,1.0,,1.0,1.0,,
E2,interference_prior2.0_alpha0.6,global_certified,1,1,0,1,0.0,0.0,,0.0,0.0,,
E3,k1_nonresonant,initial_Y,1,1,0,1,2.2927582728477915,2.2927582728477915,,2.2927582728477915,2.2927582728477915,,
E3,k1_nonresonant,final_Y,1,1,0,1,2.518207579191303,2.518207579191303,,2.518207579191303,2.518207579191303,,
E3,k1_nonresonant,final_reward,1,1,0,1,2.518207579191303,2.518207579191303,,2.518207579191303,2.518207579191303,,
E3,k1_nonresonant,improvement,1,1,0,1,0.22544930634351124,0.22544930634351124,,0.22544930634351124,0.22544930634351124,,
E3,k1_nonresonant,gap_to_best_found,1,1,0,1,0.003713505854224586,0.003713505854224586,,0.003713505854224586,0.003713505854224586,,
E3,k1_nonresonant,settling_period,1,1,1,0,,,,,,,
E3,k1_nonresonant,total_overload,1,1,0,1,0.0,0.0,,0.0,0.0,,
E3,k1_nonresonant,skipped_turns,1,1,0,1,0.0,0.0,,0.0,0.0,,
E3,k1_nonresonant,jump_events,1,1,0,1,0.0,0.0,,0.0,0.0,,
E3,k1_nonresonant,bound_violations,1,1,0,1,0.0,0.0,,0.0,0.0,,
E3,k1_nonresonant,tail_target_range,1,1,0,1,0.416629745291292,0.416629745291292,,0.416629745291292,0.416629745291292,,
E3,k1_nonresonant,target_path_length,1,1,0,1,1.0670097782762982,1.0670097782762982,,1.0670097782762982,1.0670097782762982,,
E3,k1_nonresonant,within_one_percent_best,1,1,0,1,1.0,1.0,,1.0,1.0,,
E3,k1_nonresonant,mean_absolute_staleness,1,1,0,1,0.18894296967375748,0.18894296967375748,,0.18894296967375748,0.18894296967375748,,
E3,k1_nonresonant,max_curvature_fit_error,1,1,0,1,3.019251515468113e-13,3.019251515468113e-13,,3.019251515468113e-13,3.019251515468113e-13,,
E3,k1_nonresonant,max_slope_fit_error,1,1,0,1,3.319566843629218e-13,3.319566843629218e-13,,3.319566843629218e-13,3.319566843629218e-13,,
E3,k1_nonresonant,max_valid_identification_error,1,1,0,1,3.319566843629218e-13,3.319566843629218e-13,,3.319566843629218e-13,3.319566843629218e-13,,
E3,k1_nonresonant,max_exploration_formula_error,1,1,0,1,6.459459703234138e-15,6.459459703234138e-15,,6.459459703234138e-15,6.459459703234138e-15,,
E3,k1_nonresonant,mean_overload,1,1,0,1,0.0,0.0,,0.0,0.0,,
E3,k1_nonresonant,overload_period_fraction,1,1,0,1,0.0,0.0,,0.0,0.0,,
E3,k1_nonresonant,tail_mean_Y,1,1,0,1,2.447258120525327,2.447258120525327,,2.447258120525327,2.447258120525327,,
E3,k1_nonresonant,tail_mean_reward,1,1,0,1,2.447258120525327,2.447258120525327,,2.447258120525327,2.447258120525327,,
E3,k1_nonresonant,tail_price_range,1,1,0,1,0.2147147608297928,0.2147147608297928,,0.2147147608297928,0.2147147608297928,,
E3,k1_nonresonant,settling_observed,1,1,0,1,0.0,0.0,,0.0,0.0,,
E3,k1_nonresonant,skip_fraction,1,1,0,1,0.0,0.0,,0.0,0.0,,
E3,k1_nonresonant,eligible_fit_count,1,1,0,1,12.0,12.0,,12.0,12.0,,
E3,k1_nonresonant,fit_count,1,1,0,1,12.0,12.0,,12.0,12.0,,
E3,k1_nonresonant,max_complementarity_residual,1,1,0,1,2.2266424890934157e-10,2.2266424890934157e-10,,2.2266424890934157e-10,2.2266424890934157e-10,,
E3,k1_nonresonant,final_target_budget_excess,1,1,0,1,0.0,0.0,,0.0,0.0,,
E3,k1_nonresonant,final_budget_feasible,1,1,0,1,1.0,1.0,,1.0,1.0,,
E3,k1_nonresonant,global_certified,1,1,0,1,0.0,0.0,,0.0,0.0,,
E3,k5_resonant,initial_Y,1,1,0,1,2.2927582728477915,2.2927582728477915,,2.2927582728477915,2.2927582728477915,,
E3,k5_resonant,final_Y,1,1,0,1,1.6779572467257842,1.6779572467257842,,1.6779572467257842,1.6779572467257842,,
E3,k5_resonant,final_reward,1,1,0,1,1.6779572467257842,1.6779572467257842,,1.6779572467257842,1.6779572467257842,,
E3,k5_resonant,improvement,1,1,0,1,-0.6148010261220074,-0.6148010261220074,,-0.6148010261220074,-0.6148010261220074,,
E3,k5_resonant,gap_to_best_found,1,1,0,1,0.8439638383197432,0.8439638383197432,,0.8439638383197432,0.8439638383197432,,
E3,k5_resonant,settling_period,1,1,1,0,,,,,,,
E3,k5_resonant,total_overload,1,1,0,1,9.19384255918197,9.19384255918197,,9.19384255918197,9.19384255918197,,
E3,k5_resonant,skipped_turns,1,1,0,1,18.0,18.0,,18.0,18.0,,
E3,k5_resonant,jump_events,1,1,0,1,0.0,0.0,,0.0,0.0,,
E3,k5_resonant,bound_violations,1,1,0,1,0.0,0.0,,0.0,0.0,,
E3,k5_resonant,tail_target_range,1,1,0,1,0.6367036439639582,0.6367036439639582,,0.6367036439639582,0.6367036439639582,,
E3,k5_resonant,target_path_length,1,1,0,1,10.810047911870486,10.810047911870486,,10.810047911870486,10.810047911870486,,
E3,k5_resonant,within_one_percent_best,1,1,0,1,0.0,0.0,,0.0,0.0,,
E3,k5_resonant,mean_absolute_staleness,1,1,0,1,0.3229775698698343,0.3229775698698343,,0.3229775698698343,0.3229775698698343,,
E3,k5_resonant,max_curvature_fit_error,1,1,0,1,0.5910545986877155,0.5910545986877155,,0.5910545986877155,0.5910545986877155,,
E3,k5_resonant,max_slope_fit_error,1,1,0,1,0.8777437802722485,0.8777437802722485,,0.8777437802722485,0.8777437802722485,,
E3,k5_resonant,max_valid_identification_error,1,1,1,0,,,,,,,
E3,k5_resonant,max_exploration_formula_error,1,1,0,1,2.5175174445113413e-15,2.5175174445113413e-15,,2.5175174445113413e-15,2.5175174445113413e-15,,
E3,k5_resonant,mean_overload,1,1,0,1,0.7072186583986131,0.7072186583986131,,0.7072186583986131,0.7072186583986131,,
E3,k5_resonant,overload_period_fraction,1,1,0,1,0.46153846153846156,0.46153846153846156,,0.46153846153846156,0.46153846153846156,,
E3,k5_resonant,tail_mean_Y,1,1,0,1,2.150372574095585,2.150372574095585,,2.150372574095585,2.150372574095585,,
E3,k5_resonant,tail_mean_reward,1,1,0,1,1.4431539156969717,1.4431539156969717,,1.4431539156969717,1.4431539156969717,,
E3,k5_resonant,tail_price_range,1,1,0,1,1000.0,1000.0,,1000.0,1000.0,,
E3,k5_resonant,settling_observed,1,1,0,1,0.0,0.0,,0.0,0.0,,
E3,k5_resonant,skip_fraction,1,1,0,1,0.3,0.3,,0.3,0.3,,
E3,k5_resonant,eligible_fit_count,1,1,0,1,0.0,0.0,,0.0,0.0,,
E3,k5_resonant,fit_count,1,1,0,1,42.0,42.0,,42.0,42.0,,
E3,k5_resonant,max_complementarity_residual,1,1,0,1,2445.3590735672346,2445.3590735672346,,2445.3590735672346,2445.3590735672346,,
E3,k5_resonant,final_target_budget_excess,1,1,0,1,2.237446427430597,2.237446427430597,,2.237446427430597,2.237446427430597,,
E3,k5_resonant,final_budget_feasible,1,1,0,1,1.0,1.0,,1.0,1.0,,
E3,k5_resonant,global_certified,1,1,0,1,0.0,0.0,,0.0,0.0,,
E4,tolerance0.005_amplitude0.03,initial_Y,1,1,0,1,2.2927582728477915,2.2927582728477915,,2.2927582728477915,2.2927582728477915,,
E4,tolerance0.005_amplitude0.03,final_Y,1,1,0,1,2.2927582728477915,2.2927582728477915,,2.2927582728477915,2.2927582728477915,,
E4,tolerance0.005_amplitude0.03,final_reward,1,1,0,1,2.2927582728477915,2.2927582728477915,,2.2927582728477915,2.2927582728477915,,
E4,tolerance0.005_amplitude0.03,improvement,1,1,0,1,0.0,0.0,,0.0,0.0,,
E4,tolerance0.005_amplitude0.03,gap_to_best_found,1,1,0,1,0.22916281219773582,0.22916281219773582,,0.22916281219773582,0.22916281219773582,,
E4,tolerance0.005_amplitude0.03,settling_period,1,1,1,0,,,,,,,
E4,tolerance0.005_amplitude0.03,total_overload,1,1,0,1,0.0,0.0,,0.0,0.0,,
E4,tolerance0.005_amplitude0.03,skipped_turns,1,1,0,1,12.0,12.0,,12.0,12.0,,
E4,tolerance0.005_amplitude0.03,jump_events,1,1,0,1,0.0,0.0,,0.0,0.0,,
E4,tolerance0.005_amplitude0.03,bound_violations,1,1,0,1,0.0,0.0,,0.0,0.0,,
E4,tolerance0.005_amplitude0.03,tail_target_range,1,1,0,1,0.0,0.0,,0.0,0.0,,
E4,tolerance0.005_amplitude0.03,target_path_length,1,1,0,1,0.0,0.0,,0.0,0.0,,
E4,tolerance0.005_amplitude0.03,within_one_percent_best,1,1,0,1,0.0,0.0,,0.0,0.0,,
E4,tolerance0.005_amplitude0.03,mean_absolute_staleness,1,1,0,1,0.44686982453259494,0.44686982453259494,,0.44686982453259494,0.44686982453259494,,
E4,tolerance0.005_amplitude0.03,max_curvature_fit_error,1,1,1,0,,,,,,,
E4,tolerance0.005_amplitude0.03,max_slope_fit_error,1,1,1,0,,,,,,,
E4,tolerance0.005_amplitude0.03,max_valid_identification_error,1,1,1,0,,,,,,,
E4,tolerance0.005_amplitude0.03,max_exploration_formula_error,1,1,0,1,1.7763568394002505e-15,1.7763568394002505e-15,,1.7763568394002505e-15,1.7763568394002505e-15,,
E4,tolerance0.005_amplitude0.03,mean_overload,1,1,0,1,0.0,0.0,,0.0,0.0,,
E4,tolerance0.005_amplitude0.03,overload_period_fraction,1,1,0,1,0.0,0.0,,0.0,0.0,,
E4,tolerance0.005_amplitude0.03,tail_mean_Y,1,1,0,1,2.2927582728477915,2.2927582728477915,,2.2927582728477915,2.2927582728477915,,
E4,tolerance0.005_amplitude0.03,tail_mean_reward,1,1,0,1,2.2927582728477915,2.2927582728477915,,2.2927582728477915,2.2927582728477915,,
E4,tolerance0.005_amplitude0.03,tail_price_range,1,1,0,1,0.0,0.0,,0.0,0.0,,
E4,tolerance0.005_amplitude0.03,settling_observed,1,1,0,1,0.0,0.0,,0.0,0.0,,
E4,tolerance0.005_amplitude0.03,skip_fraction,1,1,0,1,1.0,1.0,,1.0,1.0,,
E4,tolerance0.005_amplitude0.03,eligible_fit_count,1,1,0,1,0.0,0.0,,0.0,0.0,,
E4,tolerance0.005_amplitude0.03,fit_count,1,1,0,1,0.0,0.0,,0.0,0.0,,
E4,tolerance0.005_amplitude0.03,max_complementarity_residual,1,1,0,1,2.2266424890934157e-10,2.2266424890934157e-10,,2.2266424890934157e-10,2.2266424890934157e-10,,
E4,tolerance0.005_amplitude0.03,final_target_budget_excess,1,1,0,1,0.0,0.0,,0.0,0.0,,
E4,tolerance0.005_amplitude0.03,final_budget_feasible,1,1,0,1,1.0,1.0,,1.0,1.0,,
E4,tolerance0.005_amplitude0.03,global_certified,1,1,0,1,0.0,0.0,,0.0,0.0,,
E4,tolerance0.05_amplitude0.15,initial_Y,1,1,0,1,2.2927582728477915,2.2927582728477915,,2.2927582728477915,2.2927582728477915,,
E4,tolerance0.05_amplitude0.15,final_Y,1,1,0,1,2.51444024748883,2.51444024748883,,2.51444024748883,2.51444024748883,,
E4,tolerance0.05_amplitude0.15,final_reward,1,1,0,1,2.51444024748883,2.51444024748883,,2.51444024748883,2.51444024748883,,
E4,tolerance0.05_amplitude0.15,improvement,1,1,0,1,0.22168197464103834,0.22168197464103834,,0.22168197464103834,0.22168197464103834,,
E4,tolerance0.05_amplitude0.15,gap_to_best_found,1,1,0,1,0.007480837556697484,0.007480837556697484,,0.007480837556697484,0.007480837556697484,,
E4,tolerance0.05_amplitude0.15,settling_period,1,1,1,0,,,,,,,
E4,tolerance0.05_amplitude0.15,total_overload,1,1,0,1,0.0,0.0,,0.0,0.0,,
E4,tolerance0.05_amplitude0.15,skipped_turns,1,1,0,1,0.0,0.0,,0.0,0.0,,
E4,tolerance0.05_amplitude0.15,jump_events,1,1,0,1,0.0,0.0,,0.0,0.0,,
E4,tolerance0.05_amplitude0.15,bound_violations,1,1,0,1,0.0,0.0,,0.0,0.0,,
E4,tolerance0.05_amplitude0.15,tail_target_range,1,1,0,1,0.4162341775580849,0.4162341775580849,,0.4162341775580849,0.4162341775580849,,
E4,tolerance0.05_amplitude0.15,target_path_length,1,1,0,1,1.0776245615345985,1.0776245615345985,,1.0776245615345985,1.0776245615345985,,
E4,tolerance0.05_amplitude0.15,within_one_percent_best,1,1,0,1,1.0,1.0,,1.0,1.0,,
E4,tolerance0.05_amplitude0.15,mean_absolute_staleness,1,1,0,1,0.18856234888899948,0.18856234888899948,,0.18856234888899948,0.18856234888899948,,
E4,tolerance0.05_amplitude0.15,max_curvature_fit_error,1,1,0,1,6.566969190657801e-14,6.566969190657801e-14,,6.566969190657801e-14,6.566969190657801e-14,,
E4,tolerance0.05_amplitude0.15,max_slope_fit_error,1,1,0,1,8.060219158778636e-14,8.060219158778636e-14,,8.060219158778636e-14,8.060219158778636e-14,,
E4,tolerance0.05_amplitude0.15,max_valid_identification_error,1,1,0,1,8.060219158778636e-14,8.060219158778636e-14,,8.060219158778636e-14,8.060219158778636e-14,,
E4,tolerance0.05_amplitude0.15,max_exploration_formula_error,1,1,0,1,5.294376048681215e-15,5.294376048681215e-15,,5.294376048681215e-15,5.294376048681215e-15,,
E4,tolerance0.05_amplitude0.15,mean_overload,1,1,0,1,0.0,0.0,,0.0,0.0,,
E4,tolerance0.05_amplitude0.15,overload_period_fraction,1,1,0,1,0.0,0.0,,0.0,0.0,,
E4,tolerance0.05_amplitude0.15,tail_mean_Y,1,1,0,1,2.435406327978882,2.435406327978882,,2.435406327978882,2.435406327978882,,
E4,tolerance0.05_amplitude0.15,tail_mean_reward,1,1,0,1,2.435406327978882,2.435406327978882,,2.435406327978882,2.435406327978882,,
E4,tolerance0.05_amplitude0.15,tail_price_range,1,1,0,1,0.21738425613193613,0.21738425613193613,,0.21738425613193613,0.21738425613193613,,
E4,tolerance0.05_amplitude0.15,settling_observed,1,1,0,1,0.0,0.0,,0.0,0.0,,
E4,tolerance0.05_amplitude0.15,skip_fraction,1,1,0,1,0.0,0.0,,0.0,0.0,,
E4,tolerance0.05_amplitude0.15,eligible_fit_count,1,1,0,1,12.0,12.0,,12.0,12.0,,
E4,tolerance0.05_amplitude0.15,fit_count,1,1,0,1,12.0,12.0,,12.0,12.0,,
E4,tolerance0.05_amplitude0.15,max_complementarity_residual,1,1,0,1,2.2266424890934157e-10,2.2266424890934157e-10,,2.2266424890934157e-10,2.2266424890934157e-10,,
E4,tolerance0.05_amplitude0.15,final_target_budget_excess,1,1,0,1,0.0,0.0,,0.0,0.0,,
E4,tolerance0.05_amplitude0.15,final_budget_feasible,1,1,0,1,1.0,1.0,,1.0,1.0,,
E4,tolerance0.05_amplitude0.15,global_certified,1,1,0,1,0.0,0.0,,0.0,0.0,,
E5,alpha0.0_width0.02_reviewedFalse,initial_Y,1,1,0,1,2.3548535031271625,2.3548535031271625,,2.3548535031271625,2.3548535031271625,,
E5,alpha0.0_width0.02_reviewedFalse,final_Y,1,1,0,1,2.3548535031271625,2.3548535031271625,,2.3548535031271625,2.3548535031271625,,
E5,alpha0.0_width0.02_reviewedFalse,final_reward,1,1,0,1,2.3548535031271625,2.3548535031271625,,2.3548535031271625,2.3548535031271625,,
E5,alpha0.0_width0.02_reviewedFalse,improvement,1,1,0,1,0.0,0.0,,0.0,0.0,,
E5,alpha0.0_width0.02_reviewedFalse,gap_to_best_found,1,1,0,1,0.1670675819183649,0.1670675819183649,,0.1670675819183649,0.1670675819183649,,
E5,alpha0.0_width0.02_reviewedFalse,settling_period,1,1,1,0,,,,,,,
E5,alpha0.0_width0.02_reviewedFalse,total_overload,1,1,0,1,0.0,0.0,,0.0,0.0,,
E5,alpha0.0_width0.02_reviewedFalse,skipped_turns,1,1,0,1,0.0,0.0,,0.0,0.0,,
E5,alpha0.0_width0.02_reviewedFalse,jump_events,1,1,0,1,0.0,0.0,,0.0,0.0,,
E5,alpha0.0_width0.02_reviewedFalse,bound_violations,1,1,0,1,0.0,0.0,,0.0,0.0,,
E5,alpha0.0_width0.02_reviewedFalse,tail_target_range,1,1,0,1,0.0,0.0,,0.0,0.0,,
E5,alpha0.0_width0.02_reviewedFalse,target_path_length,1,1,0,1,0.0,0.0,,0.0,0.0,,
E5,alpha0.0_width0.02_reviewedFalse,within_one_percent_best,1,1,0,1,0.0,0.0,,0.0,0.0,,
E5,alpha0.0_width0.02_reviewedFalse,mean_absolute_staleness,1,1,0,1,0.44717906701945953,0.44717906701945953,,0.44717906701945953,0.44717906701945953,,
E5,alpha0.0_width0.02_reviewedFalse,max_curvature_fit_error,1,1,1,0,,,,,,,
E5,alpha0.0_width0.02_reviewedFalse,max_slope_fit_error,1,1,1,0,,,,,,,
E5,alpha0.0_width0.02_reviewedFalse,max_valid_identification_error,1,1,1,0,,,,,,,
E5,alpha0.0_width0.02_reviewedFalse,max_exploration_formula_error,1,1,0,1,1.7763568394002505e-15,1.7763568394002505e-15,,1.7763568394002505e-15,1.7763568394002505e-15,,
E5,alpha0.0_width0.02_reviewedFalse,mean_overload,1,1,0,1,0.0,0.0,,0.0,0.0,,
E5,alpha0.0_width0.02_reviewedFalse,overload_period_fraction,1,1,0,1,0.0,0.0,,0.0,0.0,,
E5,alpha0.0_width0.02_reviewedFalse,tail_mean_Y,1,1,0,1,2.3548535031271625,2.3548535031271625,,2.3548535031271625,2.3548535031271625,,
E5,alpha0.0_width0.02_reviewedFalse,tail_mean_reward,1,1,0,1,2.3548535031271625,2.3548535031271625,,2.3548535031271625,2.3548535031271625,,
E5,alpha0.0_width0.02_reviewedFalse,tail_price_range,1,1,0,1,0.0,0.0,,0.0,0.0,,
E5,alpha0.0_width0.02_reviewedFalse,settling_observed,1,1,0,1,0.0,0.0,,0.0,0.0,,
E5,alpha0.0_width0.02_reviewedFalse,skip_fraction,1,1,1,0,,,,,,,
E5,alpha0.0_width0.02_reviewedFalse,eligible_fit_count,1,1,0,1,0.0,0.0,,0.0,0.0,,
E5,alpha0.0_width0.02_reviewedFalse,fit_count,1,1,0,1,0.0,0.0,,0.0,0.0,,
E5,alpha0.0_width0.02_reviewedFalse,max_complementarity_residual,1,1,0,1,5.917581370485708e-11,5.917581370485708e-11,,5.917581370485708e-11,5.917581370485708e-11,,
E5,alpha0.0_width0.02_reviewedFalse,final_target_budget_excess,1,1,0,1,0.0,0.0,,0.0,0.0,,
E5,alpha0.0_width0.02_reviewedFalse,final_budget_feasible,1,1,0,1,1.0,1.0,,1.0,1.0,,
E5,alpha0.0_width0.02_reviewedFalse,global_certified,1,1,0,1,0.0,0.0,,0.0,0.0,,
E5,alpha0.6_width0.3_reviewedTrue,initial_Y,1,1,0,1,2.2336964935476753,2.2336964935476753,,2.2336964935476753,2.2336964935476753,,
E5,alpha0.6_width0.3_reviewedTrue,final_Y,1,1,0,1,2.2336964935476753,2.2336964935476753,,2.2336964935476753,2.2336964935476753,,
E5,alpha0.6_width0.3_reviewedTrue,final_reward,1,1,0,1,2.2336964935476753,2.2336964935476753,,2.2336964935476753,2.2336964935476753,,
E5,alpha0.6_width0.3_reviewedTrue,improvement,1,1,0,1,0.0,0.0,,0.0,0.0,,
E5,alpha0.6_width0.3_reviewedTrue,gap_to_best_found,1,1,0,1,0.28822459149785207,0.28822459149785207,,0.28822459149785207,0.28822459149785207,,
E5,alpha0.6_width0.3_reviewedTrue,settling_period,1,1,1,0,,,,,,,
E5,alpha0.6_width0.3_reviewedTrue,total_overload,1,1,0,1,0.0,0.0,,0.0,0.0,,
E5,alpha0.6_width0.3_reviewedTrue,skipped_turns,1,1,0,1,12.0,12.0,,12.0,12.0,,
E5,alpha0.6_width0.3_reviewedTrue,jump_events,1,1,0,1,0.0,0.0,,0.0,0.0,,
E5,alpha0.6_width0.3_reviewedTrue,bound_violations,1,1,0,1,0.0,0.0,,0.0,0.0,,
E5,alpha0.6_width0.3_reviewedTrue,tail_target_range,1,1,0,1,0.0,0.0,,0.0,0.0,,
E5,alpha0.6_width0.3_reviewedTrue,target_path_length,1,1,0,1,0.0,0.0,,0.0,0.0,,
E5,alpha0.6_width0.3_reviewedTrue,within_one_percent_best,1,1,0,1,0.0,0.0,,0.0,0.0,,
E5,alpha0.6_width0.3_reviewedTrue,mean_absolute_staleness,1,1,0,1,0.4441623643571731,0.4441623643571731,,0.4441623643571731,0.4441623643571731,,
E5,alpha0.6_width0.3_reviewedTrue,max_curvature_fit_error,1,1,1,0,,,,,,,
E5,alpha0.6_width0.3_reviewedTrue,max_slope_fit_error,1,1,1,0,,,,,,,
E5,alpha0.6_width0.3_reviewedTrue,max_valid_identification_error,1,1,1,0,,,,,,,
E5,alpha0.6_width0.3_reviewedTrue,max_exploration_formula_error,1,1,0,1,1.3322676295501878e-15,1.3322676295501878e-15,,1.3322676295501878e-15,1.3322676295501878e-15,,
E5,alpha0.6_width0.3_reviewedTrue,mean_overload,1,1,0,1,0.0,0.0,,0.0,0.0,,
E5,alpha0.6_width0.3_reviewedTrue,overload_period_fraction,1,1,0,1,0.0,0.0,,0.0,0.0,,
E5,alpha0.6_width0.3_reviewedTrue,tail_mean_Y,1,1,0,1,2.2336964935476753,2.2336964935476753,,2.2336964935476753,2.2336964935476753,,
E5,alpha0.6_width0.3_reviewedTrue,tail_mean_reward,1,1,0,1,2.2336964935476753,2.2336964935476753,,2.2336964935476753,2.2336964935476753,,
E5,alpha0.6_width0.3_reviewedTrue,tail_price_range,1,1,0,1,0.0,0.0,,0.0,0.0,,
E5,alpha0.6_width0.3_reviewedTrue,settling_observed,1,1,0,1,0.0,0.0,,0.0,0.0,,
E5,alpha0.6_width0.3_reviewedTrue,skip_fraction,1,1,0,1,1.0,1.0,,1.0,1.0,,
E5,alpha0.6_width0.3_reviewedTrue,eligible_fit_count,1,1,0,1,0.0,0.0,,0.0,0.0,,
E5,alpha0.6_width0.3_reviewedTrue,fit_count,1,1,0,1,0.0,0.0,,0.0,0.0,,
E5,alpha0.6_width0.3_reviewedTrue,max_complementarity_residual,1,1,0,1,9.557652263512854e-11,9.557652263512854e-11,,9.557652263512854e-11,9.557652263512854e-11,,
E5,alpha0.6_width0.3_reviewedTrue,final_target_budget_excess,1,1,0,1,0.0,0.0,,0.0,0.0,,
E5,alpha0.6_width0.3_reviewedTrue,final_budget_feasible,1,1,0,1,1.0,1.0,,1.0,1.0,,
E5,alpha0.6_width0.3_reviewedTrue,global_certified,1,1,0,1,0.0,0.0,,0.0,0.0,,
E6,interaction0.1_k1_memory0.5,initial_Y,1,1,0,1,1.8900507136932492,1.8900507136932492,,1.8900507136932492,1.8900507136932492,,
E6,interaction0.1_k1_memory0.5,final_Y,1,1,0,1,1.7991219618523742,1.7991219618523742,,1.7991219618523742,1.7991219618523742,,
E6,interaction0.1_k1_memory0.5,final_reward,1,1,0,1,1.7991219618523742,1.7991219618523742,,1.7991219618523742,1.7991219618523742,,
E6,interaction0.1_k1_memory0.5,improvement,1,1,0,1,-0.09092875184087501,-0.09092875184087501,,-0.09092875184087501,-0.09092875184087501,,
E6,interaction0.1_k1_memory0.5,gap_to_best_found,1,1,0,1,0.195472941320471,0.195472941320471,,0.195472941320471,0.195472941320471,,
E6,interaction0.1_k1_memory0.5,settling_period,1,1,1,0,,,,,,,
E6,interaction0.1_k1_memory0.5,total_overload,1,1,0,1,0.2335003732067431,0.2335003732067431,,0.2335003732067431,0.2335003732067431,,
E6,interaction0.1_k1_memory0.5,skipped_turns,1,1,0,1,0.0,0.0,,0.0,0.0,,
E6,interaction0.1_k1_memory0.5,jump_events,1,1,0,1,0.0,0.0,,0.0,0.0,,
E6,interaction0.1_k1_memory0.5,bound_violations,1,1,0,1,0.0,0.0,,0.0,0.0,,
E6,interaction0.1_k1_memory0.5,tail_target_range,1,1,0,1,0.6103496855627353,0.6103496855627353,,0.6103496855627353,0.6103496855627353,,
E6,interaction0.1_k1_memory0.5,target_path_length,1,1,0,1,2.615160332120103,2.615160332120103,,2.615160332120103,2.615160332120103,,
E6,interaction0.1_k1_memory0.5,within_one_percent_best,1,1,0,1,0.0,0.0,,0.0,0.0,,
E6,interaction0.1_k1_memory0.5,mean_absolute_staleness,1,1,0,1,0.12142404233534512,0.12142404233534512,,0.12142404233534512,0.12142404233534512,,
E6,interaction0.1_k1_memory0.5,max_curvature_fit_error,1,1,0,1,1.7114087924596788e-13,1.7114087924596788e-13,,1.7114087924596788e-13,1.7114087924596788e-13,,
E6,interaction0.1_k1_memory0.5,max_slope_fit_error,1,1,0,1,2.2160051571518125e-13,2.2160051571518125e-13,,2.2160051571518125e-13,2.2160051571518125e-13,,
E6,interaction0.1_k1_memory0.5,max_valid_identification_error,1,1,0,1,2.2160051571518125e-13,2.2160051571518125e-13,,2.2160051571518125e-13,2.2160051571518125e-13,,
E6,interaction0.1_k1_memory0.5,max_exploration_formula_error,1,1,0,1,3.408731630294426e-15,3.408731630294426e-15,,3.408731630294426e-15,3.408731630294426e-15,,
E6,interaction0.1_k1_memory0.5,mean_overload,1,1,0,1,0.01796156716974947,0.01796156716974947,,0.01796156716974947,0.01796156716974947,,
E6,interaction0.1_k1_memory0.5,overload_period_fraction,1,1,0,1,0.15384615384615385,0.15384615384615385,,0.15384615384615385,0.15384615384615385,,
E6,interaction0.1_k1_memory0.5,tail_mean_Y,1,1,0,1,1.865471634502393,1.865471634502393,,1.865471634502393,1.865471634502393,,
E6,interaction0.1_k1_memory0.5,tail_mean_reward,1,1,0,1,1.8475100673326434,1.8475100673326434,,1.8475100673326434,1.8475100673326434,,
E6,interaction0.1_k1_memory0.5,tail_price_range,1,1,0,1,1000.0,1000.0,,1000.0,1000.0,,
E6,interaction0.1_k1_memory0.5,settling_observed,1,1,0,1,0.0,0.0,,0.0,0.0,,
E6,interaction0.1_k1_memory0.5,skip_fraction,1,1,0,1,0.0,0.0,,0.0,0.0,,
E6,interaction0.1_k1_memory0.5,eligible_fit_count,1,1,0,1,12.0,12.0,,12.0,12.0,,
E6,interaction0.1_k1_memory0.5,fit_count,1,1,0,1,12.0,12.0,,12.0,12.0,,
E6,interaction0.1_k1_memory0.5,max_complementarity_residual,1,1,0,1,229.5240495789468,229.5240495789468,,229.5240495789468,229.5240495789468,,
E6,interaction0.1_k1_memory0.5,final_target_budget_excess,1,1,0,1,0.14497392643777207,0.14497392643777207,,0.14497392643777207,0.14497392643777207,,
E6,interaction0.1_k1_memory0.5,final_budget_feasible,1,1,0,1,1.0,1.0,,1.0,1.0,,
E6,interaction0.1_k1_memory0.5,global_certified,1,1,0,1,1.0,1.0,,1.0,1.0,,
E6,interaction0.8_k5_memory1.0,initial_Y,1,1,0,1,2.829701685053848,2.829701685053848,,2.829701685053848,2.829701685053848,,
E6,interaction0.8_k5_memory1.0,final_Y,1,1,0,1,1.0476275969189246,1.0476275969189246,,1.0476275969189246,1.0476275969189246,,
E6,interaction0.8_k5_memory1.0,final_reward,1,1,0,1,1.0476275969189246,1.0476275969189246,,1.0476275969189246,1.0476275969189246,,
E6,interaction0.8_k5_memory1.0,improvement,1,1,0,1,-1.7820740881349233,-1.7820740881349233,,-1.7820740881349233,-1.7820740881349233,,
E6,interaction0.8_k5_memory1.0,gap_to_best_found,1,1,0,1,2.4620026682827145,2.4620026682827145,,2.4620026682827145,2.4620026682827145,,
E6,interaction0.8_k5_memory1.0,settling_period,1,1,1,0,,,,,,,
E6,interaction0.8_k5_memory1.0,total_overload,1,1,0,1,13.93384475630749,13.93384475630749,,13.93384475630749,13.93384475630749,,
E6,interaction0.8_k5_memory1.0,skipped_turns,1,1,0,1,0.0,0.0,,0.0,0.0,,
E6,interaction0.8_k5_memory1.0,jump_events,1,1,0,1,0.0,0.0,,0.0,0.0,,
E6,interaction0.8_k5_memory1.0,bound_violations,1,1,0,1,0.0,0.0,,0.0,0.0,,
E6,interaction0.8_k5_memory1.0,tail_target_range,1,1,0,1,0.6367036439639582,0.6367036439639582,,0.6367036439639582,0.6367036439639582,,
E6,interaction0.8_k5_memory1.0,target_path_length,1,1,0,1,14.207875835457418,14.207875835457418,,14.207875835457418,14.207875835457418,,
E6,interaction0.8_k5_memory1.0,within_one_percent_best,1,1,0,1,0.0,0.0,,0.0,0.0,,
E6,interaction0.8_k5_memory1.0,mean_absolute_staleness,1,1,0,1,0.9975379131538243,0.9975379131538243,,0.9975379131538243,0.9975379131538243,,
E6,interaction0.8_k5_memory1.0,max_curvature_fit_error,1,1,0,1,6.262212970398195e-13,6.262212970398195e-13,,6.262212970398195e-13,6.262212970398195e-13,,
E6,interaction0.8_k5_memory1.0,max_slope_fit_error,1,1,0,1,9.57900425646585e-13,9.57900425646585e-13,,9.57900425646585e-13,9.57900425646585e-13,,
E6,interaction0.8_k5_memory1.0,max_valid_identification_error,1,1,0,1,9.57900425646585e-13,9.57900425646585e-13,,9.57900425646585e-13,9.57900425646585e-13,,
E6,interaction0.8_k5_memory1.0,max_exploration_formula_error,1,1,0,1,2.0322285521068295e-15,2.0322285521068295e-15,,2.0322285521068295e-15,2.0322285521068295e-15,,
E6,interaction0.8_k5_memory1.0,mean_overload,1,1,0,1,1.071834212023653,1.071834212023653,,1.071834212023653,1.071834212023653,,
E6,interaction0.8_k5_memory1.0,overload_period_fraction,1,1,0,1,0.46153846153846156,0.46153846153846156,,0.46153846153846156,0.46153846153846156,,
E6,interaction0.8_k5_memory1.0,tail_mean_Y,1,1,0,1,2.489034388356037,2.489034388356037,,2.489034388356037,2.489034388356037,,
E6,interaction0.8_k5_memory1.0,tail_mean_reward,1,1,0,1,1.4172001763323838,1.4172001763323838,,1.4172001763323838,1.4172001763323838,,
E6,interaction0.8_k5_memory1.0,tail_price_range,1,1,0,1,1000.0,1000.0,,1000.0,1000.0,,
E6,interaction0.8_k5_memory1.0,settling_observed,1,1,0,1,0.0,0.0,,0.0,0.0,,
E6,interaction0.8_k5_memory1.0,skip_fraction,1,1,0,1,0.0,0.0,,0.0,0.0,,
E6,interaction0.8_k5_memory1.0,eligible_fit_count,1,1,0,1,60.0,60.0,,60.0,60.0,,
E6,interaction0.8_k5_memory1.0,fit_count,1,1,0,1,60.0,60.0,,60.0,60.0,,
E6,interaction0.8_k5_memory1.0,max_complementarity_residual,1,1,0,1,2933.286773926048,2933.286773926048,,2933.286773926048,2933.286773926048,,
E6,interaction0.8_k5_memory1.0,final_target_budget_excess,1,1,0,1,2.8070705182529467,2.8070705182529467,,2.8070705182529467,2.8070705182529467,,
E6,interaction0.8_k5_memory1.0,final_budget_feasible,1,1,0,1,1.0,1.0,,1.0,1.0,,
E6,interaction0.8_k5_memory1.0,global_certified,1,1,0,1,0.0,0.0,,0.0,0.0,,
E7,adaptive_exact,initial_Y,1,1,0,1,2.2927582728477915,2.2927582728477915,,2.2927582728477915,2.2927582728477915,,
E7,adaptive_exact,final_Y,1,1,0,1,2.5332687982315147,2.5332687982315147,,2.5332687982315147,2.5332687982315147,,
E7,adaptive_exact,final_reward,1,1,0,1,2.3817740098369424,2.3817740098369424,,2.3817740098369424,2.3817740098369424,,
E7,adaptive_exact,improvement,1,1,0,1,0.2405105253837232,0.2405105253837232,,0.2405105253837232,0.2405105253837232,,
E7,adaptive_exact,gap_to_best_found,1,1,0,1,-0.011347713185987374,-0.011347713185987374,,-0.011347713185987374,-0.011347713185987374,,
E7,adaptive_exact,settling_period,1,1,1,0,,,,,,,
E7,adaptive_exact,total_overload,1,1,0,1,0.17558477673836315,0.17558477673836315,,0.17558477673836315,0.17558477673836315,,
E7,adaptive_exact,skipped_turns,1,1,0,1,0.0,0.0,,0.0,0.0,,
E7,adaptive_exact,jump_events,1,1,0,1,0.0,0.0,,0.0,0.0,,
E7,adaptive_exact,bound_violations,1,1,0,1,0.0,0.0,,0.0,0.0,,
E7,adaptive_exact,tail_target_range,1,1,0,1,0.41955619772574626,0.41955619772574626,,0.41955619772574626,0.41955619772574626,,
E7,adaptive_exact,target_path_length,1,1,0,1,1.7690186822047909,1.7690186822047909,,1.7690186822047909,1.7690186822047909,,
E7,adaptive_exact,within_one_percent_best,1,1,0,1,1.0,1.0,,1.0,1.0,,
E7,adaptive_exact,mean_absolute_staleness,1,1,0,1,1.8251694757577306,1.8251694757577306,,1.8251694757577306,1.8251694757577306,,
E7,adaptive_exact,max_curvature_fit_error,1,1,0,1,4.08139266960827,4.08139266960827,,4.08139266960827,4.08139266960827,,
E7,adaptive_exact,max_slope_fit_error,1,1,0,1,4.877893668812868,4.877893668812868,,4.877893668812868,4.877893668812868,,
E7,adaptive_exact,max_valid_identification_error,1,1,1,0,,,,,,,
E7,adaptive_exact,max_exploration_formula_error,1,1,0,1,1.7763568394002505e-15,1.7763568394002505e-15,,1.7763568394002505e-15,1.7763568394002505e-15,,
E7,adaptive_exact,mean_overload,1,1,0,1,0.013506521287566397,0.013506521287566397,,0.013506521287566397,0.013506521287566397,,
E7,adaptive_exact,overload_period_fraction,1,1,0,1,0.15384615384615385,0.15384615384615385,,0.15384615384615385,0.15384615384615385,,
E7,adaptive_exact,tail_mean_Y,1,1,0,1,2.3491455460175237,2.3491455460175237,,2.3491455460175237,2.3491455460175237,,
E7,adaptive_exact,tail_mean_reward,1,1,0,1,2.3356390247299577,2.3356390247299577,,2.3356390247299577,2.3356390247299577,,
E7,adaptive_exact,tail_price_range,1,1,0,1,999.9878265866421,999.9878265866421,,999.9878265866421,999.9878265866421,,
E7,adaptive_exact,settling_observed,1,1,0,1,0.0,0.0,,0.0,0.0,,
E7,adaptive_exact,skip_fraction,1,1,0,1,0.0,0.0,,0.0,0.0,,
E7,adaptive_exact,eligible_fit_count,1,1,0,1,0.0,0.0,,0.0,0.0,,
E7,adaptive_exact,fit_count,1,1,0,1,12.0,12.0,,12.0,12.0,,
E7,adaptive_exact,max_complementarity_residual,1,1,0,1,151.49478839457214,151.49478839457214,,151.49478839457214,151.49478839457214,,
E7,adaptive_exact,final_target_budget_excess,1,1,0,1,1.6302019127065464,1.6302019127065464,,1.6302019127065464,1.6302019127065464,,
E7,adaptive_exact,final_budget_feasible,1,1,0,1,0.0,0.0,,0.0,0.0,,
E7,adaptive_exact,global_certified,1,1,0,1,0.0,0.0,,0.0,0.0,,
E7,fixed,initial_Y,1,1,0,1,2.2927582728477915,2.2927582728477915,,2.2927582728477915,2.2927582728477915,,
E7,fixed,final_Y,1,1,0,1,2.518207579191303,2.518207579191303,,2.518207579191303,2.518207579191303,,
E7,fixed,final_reward,1,1,0,1,2.518207579191303,2.518207579191303,,2.518207579191303,2.518207579191303,,
E7,fixed,improvement,1,1,0,1,0.22544930634351124,0.22544930634351124,,0.22544930634351124,0.22544930634351124,,
E7,fixed,gap_to_best_found,1,1,0,1,0.003713505854224586,0.003713505854224586,,0.003713505854224586,0.003713505854224586,,
E7,fixed,settling_period,1,1,1,0,,,,,,,
E7,fixed,total_overload,1,1,0,1,0.0,0.0,,0.0,0.0,,
E7,fixed,skipped_turns,1,1,0,1,0.0,0.0,,0.0,0.0,,
E7,fixed,jump_events,1,1,0,1,0.0,0.0,,0.0,0.0,,
E7,fixed,bound_violations,1,1,0,1,0.0,0.0,,0.0,0.0,,
E7,fixed,tail_target_range,1,1,0,1,0.416629745291292,0.416629745291292,,0.416629745291292,0.416629745291292,,
E7,fixed,target_path_length,1,1,0,1,1.0670097782762982,1.0670097782762982,,1.0670097782762982,1.0670097782762982,,
E7,fixed,within_one_percent_best,1,1,0,1,1.0,1.0,,1.0,1.0,,
E7,fixed,mean_absolute_staleness,1,1,0,1,0.18894296967375748,0.18894296967375748,,0.18894296967375748,0.18894296967375748,,
E7,fixed,max_curvature_fit_error,1,1,0,1,3.019251515468113e-13,3.019251515468113e-13,,3.019251515468113e-13,3.019251515468113e-13,,
E7,fixed,max_slope_fit_error,1,1,0,1,3.319566843629218e-13,3.319566843629218e-13,,3.319566843629218e-13,3.319566843629218e-13,,
E7,fixed,max_valid_identification_error,1,1,0,1,3.319566843629218e-13,3.319566843629218e-13,,3.319566843629218e-13,3.319566843629218e-13,,
E7,fixed,max_exploration_formula_error,1,1,0,1,6.459459703234138e-15,6.459459703234138e-15,,6.459459703234138e-15,6.459459703234138e-15,,
E7,fixed,mean_overload,1,1,0,1,0.0,0.0,,0.0,0.0,,
E7,fixed,overload_period_fraction,1,1,0,1,0.0,0.0,,0.0,0.0,,
E7,fixed,tail_mean_Y,1,1,0,1,2.447258120525327,2.447258120525327,,2.447258120525327,2.447258120525327,,
E7,fixed,tail_mean_reward,1,1,0,1,2.447258120525327,2.447258120525327,,2.447258120525327,2.447258120525327,,
E7,fixed,tail_price_range,1,1,0,1,0.2147147608297928,0.2147147608297928,,0.2147147608297928,0.2147147608297928,,
E7,fixed,settling_observed,1,1,0,1,0.0,0.0,,0.0,0.0,,
E7,fixed,skip_fraction,1,1,0,1,0.0,0.0,,0.0,0.0,,
E7,fixed,eligible_fit_count,1,1,0,1,12.0,12.0,,12.0,12.0,,
E7,fixed,fit_count,1,1,0,1,12.0,12.0,,12.0,12.0,,
E7,fixed,max_complementarity_residual,1,1,0,1,2.2266424890934157e-10,2.2266424890934157e-10,,2.2266424890934157e-10,2.2266424890934157e-10,,
E7,fixed,final_target_budget_excess,1,1,0,1,0.0,0.0,,0.0,0.0,,
E7,fixed,final_budget_feasible,1,1,0,1,1.0,1.0,,1.0,1.0,,
E7,fixed,global_certified,1,1,0,1,0.0,0.0,,0.0,0.0,,
E8,concave,initial_Y,1,1,0,1,1.727524002950685,1.727524002950685,,1.727524002950685,1.727524002950685,,
E8,concave,final_Y,1,1,0,1,1.9158985646668842,1.9158985646668842,,1.9158985646668842,1.9158985646668842,,
E8,concave,final_reward,1,1,0,1,1.9158985646668842,1.9158985646668842,,1.9158985646668842,1.9158985646668842,,
E8,concave,improvement,1,1,0,1,0.18837456171619915,0.18837456171619915,,0.18837456171619915,0.18837456171619915,,
E8,concave,gap_to_best_found,1,1,0,1,0.10472458991796652,0.10472458991796652,,0.10472458991796652,0.10472458991796652,,
E8,concave,settling_period,1,1,1,0,,,,,,,
E8,concave,total_overload,1,1,0,1,0.0,0.0,,0.0,0.0,,
E8,concave,skipped_turns,1,1,0,1,0.0,0.0,,0.0,0.0,,
E8,concave,jump_events,1,1,0,1,0.0,0.0,,0.0,0.0,,
E8,concave,bound_violations,1,1,0,1,0.0,0.0,,0.0,0.0,,
E8,concave,tail_target_range,1,1,0,1,0.452469617035352,0.452469617035352,,0.452469617035352,0.452469617035352,,
E8,concave,target_path_length,1,1,0,1,2.182519275747528,2.182519275747528,,2.182519275747528,2.182519275747528,,
E8,concave,within_one_percent_best,1,1,0,1,0.0,0.0,,0.0,0.0,,
E8,concave,mean_absolute_staleness,1,1,0,1,0.21465338829511837,0.21465338829511837,,0.21465338829511837,0.21465338829511837,,
E8,concave,max_curvature_fit_error,1,1,0,1,1.815214645262131e-13,1.815214645262131e-13,,1.815214645262131e-13,1.815214645262131e-13,,
E8,concave,max_slope_fit_error,1,1,0,1,2.071676163950542e-13,2.071676163950542e-13,,2.071676163950542e-13,2.071676163950542e-13,,
E8,concave,max_valid_identification_error,1,1,0,1,2.071676163950542e-13,2.071676163950542e-13,,2.071676163950542e-13,2.071676163950542e-13,,
E8,concave,max_exploration_formula_error,1,1,0,1,4.238363132680334e-15,4.238363132680334e-15,,4.238363132680334e-15,4.238363132680334e-15,,
E8,concave,mean_overload,1,1,0,1,0.0,0.0,,0.0,0.0,,
E8,concave,overload_period_fraction,1,1,0,1,0.0,0.0,,0.0,0.0,,
E8,concave,tail_mean_Y,1,1,0,1,1.873354467019009,1.873354467019009,,1.873354467019009,1.873354467019009,,
E8,concave,tail_mean_reward,1,1,0,1,1.873354467019009,1.873354467019009,,1.873354467019009,1.873354467019009,,
E8,concave,tail_price_range,1,1,0,1,0.43585268474544137,0.43585268474544137,,0.43585268474544137,0.43585268474544137,,
E8,concave,settling_observed,1,1,0,1,0.0,0.0,,0.0,0.0,,
E8,concave,skip_fraction,1,1,0,1,0.0,0.0,,0.0,0.0,,
E8,concave,eligible_fit_count,1,1,0,1,12.0,12.0,,12.0,12.0,,
E8,concave,fit_count,1,1,0,1,12.0,12.0,,12.0,12.0,,
E8,concave,max_complementarity_residual,1,1,0,1,2.2266424890934157e-10,2.2266424890934157e-10,,2.2266424890934157e-10,2.2266424890934157e-10,,
E8,concave,final_target_budget_excess,1,1,0,1,0.0,0.0,,0.0,0.0,,
E8,concave,final_budget_feasible,1,1,0,1,1.0,1.0,,1.0,1.0,,
E8,concave,global_certified,1,1,0,1,1.0,1.0,,1.0,1.0,,
E8,frustrated,initial_Y,1,1,0,1,2.2927582728477915,2.2927582728477915,,2.2927582728477915,2.2927582728477915,,
E8,frustrated,final_Y,1,1,0,1,2.518207579191303,2.518207579191303,,2.518207579191303,2.518207579191303,,
E8,frustrated,final_reward,1,1,0,1,2.518207579191303,2.518207579191303,,2.518207579191303,2.518207579191303,,
E8,frustrated,improvement,1,1,0,1,0.22544930634351124,0.22544930634351124,,0.22544930634351124,0.22544930634351124,,
E8,frustrated,gap_to_best_found,1,1,0,1,0.003713505854224586,0.003713505854224586,,0.003713505854224586,0.003713505854224586,,
E8,frustrated,settling_period,1,1,1,0,,,,,,,
E8,frustrated,total_overload,1,1,0,1,0.0,0.0,,0.0,0.0,,
E8,frustrated,skipped_turns,1,1,0,1,0.0,0.0,,0.0,0.0,,
E8,frustrated,jump_events,1,1,0,1,0.0,0.0,,0.0,0.0,,
E8,frustrated,bound_violations,1,1,0,1,0.0,0.0,,0.0,0.0,,
E8,frustrated,tail_target_range,1,1,0,1,0.416629745291292,0.416629745291292,,0.416629745291292,0.416629745291292,,
E8,frustrated,target_path_length,1,1,0,1,1.0670097782762982,1.0670097782762982,,1.0670097782762982,1.0670097782762982,,
E8,frustrated,within_one_percent_best,1,1,0,1,1.0,1.0,,1.0,1.0,,
E8,frustrated,mean_absolute_staleness,1,1,0,1,0.18894296967375748,0.18894296967375748,,0.18894296967375748,0.18894296967375748,,
E8,frustrated,max_curvature_fit_error,1,1,0,1,3.019251515468113e-13,3.019251515468113e-13,,3.019251515468113e-13,3.019251515468113e-13,,
E8,frustrated,max_slope_fit_error,1,1,0,1,3.319566843629218e-13,3.319566843629218e-13,,3.319566843629218e-13,3.319566843629218e-13,,
E8,frustrated,max_valid_identification_error,1,1,0,1,3.319566843629218e-13,3.319566843629218e-13,,3.319566843629218e-13,3.319566843629218e-13,,
E8,frustrated,max_exploration_formula_error,1,1,0,1,6.459459703234138e-15,6.459459703234138e-15,,6.459459703234138e-15,6.459459703234138e-15,,
E8,frustrated,mean_overload,1,1,0,1,0.0,0.0,,0.0,0.0,,
E8,frustrated,overload_period_fraction,1,1,0,1,0.0,0.0,,0.0,0.0,,
E8,frustrated,tail_mean_Y,1,1,0,1,2.447258120525327,2.447258120525327,,2.447258120525327,2.447258120525327,,
E8,frustrated,tail_mean_reward,1,1,0,1,2.447258120525327,2.447258120525327,,2.447258120525327,2.447258120525327,,
E8,frustrated,tail_price_range,1,1,0,1,0.2147147608297928,0.2147147608297928,,0.2147147608297928,0.2147147608297928,,
E8,frustrated,settling_observed,1,1,0,1,0.0,0.0,,0.0,0.0,,
E8,frustrated,skip_fraction,1,1,0,1,0.0,0.0,,0.0,0.0,,
E8,frustrated,eligible_fit_count,1,1,0,1,12.0,12.0,,12.0,12.0,,
E8,frustrated,fit_count,1,1,0,1,12.0,12.0,,12.0,12.0,,
E8,frustrated,max_complementarity_residual,1,1,0,1,2.2266424890934157e-10,2.2266424890934157e-10,,2.2266424890934157e-10,2.2266424890934157e-10,,
E8,frustrated,final_target_budget_excess,1,1,0,1,0.0,0.0,,0.0,0.0,,
E8,frustrated,final_budget_feasible,1,1,0,1,1.0,1.0,,1.0,1.0,,
E8,frustrated,global_certified,1,1,0,1,0.0,0.0,,0.0,0.0,,
E9,invisible_with_relocation,initial_Y,1,1,0,1,2.2927582728477915,2.2927582728477915,,2.2927582728477915,2.2927582728477915,,
E9,invisible_with_relocation,final_Y,1,1,0,1,2.516913360011048,2.516913360011048,,2.516913360011048,2.516913360011048,,
E9,invisible_with_relocation,final_reward,1,1,0,1,2.516913360011048,2.516913360011048,,2.516913360011048,2.516913360011048,,
E9,invisible_with_relocation,improvement,1,1,0,1,0.22415508716325627,0.22415508716325627,,0.22415508716325627,0.22415508716325627,,
E9,invisible_with_relocation,gap_to_best_found,1,1,0,1,0.004896293254045059,0.004896293254045059,,0.004896293254045059,0.004896293254045059,,
E9,invisible_with_relocation,settling_period,1,1,1,0,,,,,,,
E9,invisible_with_relocation,total_overload,1,1,0,1,0.0,0.0,,0.0,0.0,,
E9,invisible_with_relocation,skipped_turns,1,1,0,1,0.0,0.0,,0.0,0.0,,
E9,invisible_with_relocation,jump_events,1,1,0,1,0.0,0.0,,0.0,0.0,,
E9,invisible_with_relocation,bound_violations,1,1,0,1,0.0,0.0,,0.0,0.0,,
E9,invisible_with_relocation,tail_target_range,1,1,0,1,0.4030863375641167,0.4030863375641167,,0.4030863375641167,0.4030863375641167,,
E9,invisible_with_relocation,target_path_length,1,1,0,1,1.0531537926211296,1.0531537926211296,,1.0531537926211296,1.0531537926211296,,
E9,invisible_with_relocation,within_one_percent_best,1,1,0,1,1.0,1.0,,1.0,1.0,,
E9,invisible_with_relocation,mean_absolute_staleness,1,1,0,1,0.1895146449212844,0.1895146449212844,,0.1895146449212844,0.1895146449212844,,
E9,invisible_with_relocation,max_curvature_fit_error,1,1,0,1,2.910449659054848e-13,2.910449659054848e-13,,2.910449659054848e-13,2.910449659054848e-13,,
E9,invisible_with_relocation,max_slope_fit_error,1,1,0,1,3.319566843629218e-13,3.319566843629218e-13,,3.319566843629218e-13,3.319566843629218e-13,,
E9,invisible_with_relocation,max_valid_identification_error,1,1,0,1,3.319566843629218e-13,3.319566843629218e-13,,3.319566843629218e-13,3.319566843629218e-13,,
E9,invisible_with_relocation,max_exploration_formula_error,1,1,0,1,7.183489914019958e-15,7.183489914019958e-15,,7.183489914019958e-15,7.183489914019958e-15,,
E9,invisible_with_relocation,mean_overload,1,1,0,1,0.0,0.0,,0.0,0.0,,
E9,invisible_with_relocation,overload_period_fraction,1,1,0,1,0.0,0.0,,0.0,0.0,,
E9,invisible_with_relocation,tail_mean_Y,1,1,0,1,2.4477296767361,2.4477296767361,,2.4477296767361,2.4477296767361,,
E9,invisible_with_relocation,tail_mean_reward,1,1,0,1,2.4477296767361,2.4477296767361,,2.4477296767361,2.4477296767361,,
E9,invisible_with_relocation,tail_price_range,1,1,0,1,0.2147147608297928,0.2147147608297928,,0.2147147608297928,0.2147147608297928,,
E9,invisible_with_relocation,settling_observed,1,1,0,1,0.0,0.0,,0.0,0.0,,
E9,invisible_with_relocation,skip_fraction,1,1,0,1,0.0,0.0,,0.0,0.0,,
E9,invisible_with_relocation,eligible_fit_count,1,1,0,1,12.0,12.0,,12.0,12.0,,
E9,invisible_with_relocation,fit_count,1,1,0,1,12.0,12.0,,12.0,12.0,,
E9,invisible_with_relocation,max_complementarity_residual,1,1,0,1,2.2266424890934157e-10,2.2266424890934157e-10,,2.2266424890934157e-10,2.2266424890934157e-10,,
E9,invisible_with_relocation,final_target_budget_excess,1,1,0,1,0.0,0.0,,0.0,0.0,,
E9,invisible_with_relocation,final_budget_feasible,1,1,0,1,1.0,1.0,,1.0,1.0,,
E9,invisible_with_relocation,global_certified,1,1,0,1,0.0,0.0,,0.0,0.0,,
E9,random_k1,initial_Y,1,1,0,1,2.2927582728477915,2.2927582728477915,,2.2927582728477915,2.2927582728477915,,
E9,random_k1,final_Y,1,1,0,1,1.65594765124324,1.65594765124324,,1.65594765124324,1.65594765124324,,
E9,random_k1,final_reward,1,1,0,1,1.65594765124324,1.65594765124324,,1.65594765124324,1.65594765124324,,
E9,random_k1,improvement,1,1,0,1,-0.6368106216045515,-0.6368106216045515,,-0.6368106216045515,-0.6368106216045515,,
E9,random_k1,gap_to_best_found,1,1,0,1,0.770883068136587,0.770883068136587,,0.770883068136587,0.770883068136587,,
E9,random_k1,settling_period,1,1,1,0,,,,,,,
E9,random_k1,total_overload,1,1,0,1,0.3286116283809495,0.3286116283809495,,0.3286116283809495,0.3286116283809495,,
E9,random_k1,skipped_turns,1,1,0,1,0.0,0.0,,0.0,0.0,,
E9,random_k1,jump_events,1,1,0,1,0.0,0.0,,0.0,0.0,,
E9,random_k1,bound_violations,1,1,0,1,0.0,0.0,,0.0,0.0,,
E9,random_k1,tail_target_range,1,1,0,1,0.5457219218050093,0.5457219218050093,,0.5457219218050093,0.5457219218050093,,
E9,random_k1,target_path_length,1,1,0,1,2.7170790284135595,2.7170790284135595,,2.7170790284135595,2.7170790284135595,,
E9,random_k1,within_one_percent_best,1,1,0,1,0.0,0.0,,0.0,0.0,,
E9,random_k1,mean_absolute_staleness,1,1,0,1,0.3357333295820386,0.3357333295820386,,0.3357333295820386,0.3357333295820386,,
E9,random_k1,max_curvature_fit_error,1,1,0,1,2.910449659054848e-13,2.910449659054848e-13,,2.910449659054848e-13,2.910449659054848e-13,,
E9,random_k1,max_slope_fit_error,1,1,0,1,3.319566843629218e-13,3.319566843629218e-13,,3.319566843629218e-13,3.319566843629218e-13,,
E9,random_k1,max_valid_identification_error,1,1,0,1,3.319566843629218e-13,3.319566843629218e-13,,3.319566843629218e-13,3.319566843629218e-13,,
E9,random_k1,max_exploration_formula_error,1,1,0,1,4.239013653983825e-15,4.239013653983825e-15,,4.239013653983825e-15,4.239013653983825e-15,,
E9,random_k1,mean_overload,1,1,0,1,0.025277817567765346,0.025277817567765346,,0.025277817567765346,0.025277817567765346,,
E9,random_k1,overload_period_fraction,1,1,0,1,0.07692307692307693,0.07692307692307693,,0.07692307692307693,0.07692307692307693,,
E9,random_k1,tail_mean_Y,1,1,0,1,2.1435542603481372,2.1435542603481372,,2.1435542603481372,2.1435542603481372,,
E9,random_k1,tail_mean_reward,1,1,0,1,2.118276442780372,2.118276442780372,,2.118276442780372,2.118276442780372,,
E9,random_k1,tail_price_range,1,1,0,1,1000.0,1000.0,,1000.0,1000.0,,
E9,random_k1,settling_observed,1,1,0,1,0.0,0.0,,0.0,0.0,,
E9,random_k1,skip_fraction,1,1,0,1,0.0,0.0,,0.0,0.0,,
E9,random_k1,eligible_fit_count,1,1,0,1,12.0,12.0,,12.0,12.0,,
E9,random_k1,fit_count,1,1,0,1,12.0,12.0,,12.0,12.0,,
E9,random_k1,max_complementarity_residual,1,1,0,1,328.6116283809504,328.6116283809504,,328.6116283809504,328.6116283809504,,
E9,random_k1,final_target_budget_excess,1,1,0,1,0.0,0.0,,0.0,0.0,,
E9,random_k1,final_budget_feasible,1,1,0,1,1.0,1.0,,1.0,1.0,,
E9,random_k1,global_certified,1,1,0,1,0.0,0.0,,0.0,0.0,,
R1,all_k5,initial_Y,1,1,0,1,2.2927582728477915,2.2927582728477915,,2.2927582728477915,2.2927582728477915,,
R1,all_k5,final_Y,1,1,0,1,0.9268399754500022,0.9268399754500022,,0.9268399754500022,0.9268399754500022,,
R1,all_k5,final_reward,1,1,0,1,0.9268399754500022,0.9268399754500022,,0.9268399754500022,0.9268399754500022,,
R1,all_k5,improvement,1,1,0,1,-1.3659182973977892,-1.3659182973977892,,-1.3659182973977892,-1.3659182973977892,,
R1,all_k5,gap_to_best_found,1,1,0,1,1.595081109595525,1.595081109595525,,1.595081109595525,1.595081109595525,,
R1,all_k5,settling_period,1,1,1,0,,,,,,,
R1,all_k5,total_overload,1,1,0,1,12.220759412472777,12.220759412472777,,12.220759412472777,12.220759412472777,,
R1,all_k5,skipped_turns,1,1,0,1,0.0,0.0,,0.0,0.0,,
R1,all_k5,jump_events,1,1,0,1,0.0,0.0,,0.0,0.0,,
R1,all_k5,bound_violations,1,1,0,1,0.0,0.0,,0.0,0.0,,
R1,all_k5,tail_target_range,1,1,0,1,0.6367036439639582,0.6367036439639582,,0.6367036439639582,0.6367036439639582,,
R1,all_k5,target_path_length,1,1,0,1,13.866035003099444,13.866035003099444,,13.866035003099444,13.866035003099444,,
R1,all_k5,within_one_percent_best,1,1,0,1,0.0,0.0,,0.0,0.0,,
R1,all_k5,mean_absolute_staleness,1,1,0,1,0.47004069196777337,0.47004069196777337,,0.47004069196777337,0.47004069196777337,,
R1,all_k5,max_curvature_fit_error,1,1,0,1,2.802202914153895e-13,2.802202914153895e-13,,2.802202914153895e-13,2.802202914153895e-13,,
R1,all_k5,max_slope_fit_error,1,1,0,1,3.3928415632544784e-13,3.3928415632544784e-13,,3.3928415632544784e-13,3.3928415632544784e-13,,
R1,all_k5,max_valid_identification_error,1,1,0,1,3.3928415632544784e-13,3.3928415632544784e-13,,3.3928415632544784e-13,3.3928415632544784e-13,,
R1,all_k5,max_exploration_formula_error,1,1,0,1,1.7763568394002505e-15,1.7763568394002505e-15,,1.7763568394002505e-15,1.7763568394002505e-15,,
R1,all_k5,mean_overload,1,1,0,1,0.9400584163440597,0.9400584163440597,,0.9400584163440597,0.9400584163440597,,
R1,all_k5,overload_period_fraction,1,1,0,1,0.46153846153846156,0.46153846153846156,,0.46153846153846156,0.46153846153846156,,
R1,all_k5,tail_mean_Y,1,1,0,1,1.9255797442525862,1.9255797442525862,,1.9255797442525862,1.9255797442525862,,
R1,all_k5,tail_mean_reward,1,1,0,1,0.9855213279085265,0.9855213279085265,,0.9855213279085265,0.9855213279085265,,
R1,all_k5,tail_price_range,1,1,0,1,1000.0,1000.0,,1000.0,1000.0,,
R1,all_k5,settling_observed,1,1,0,1,0.0,0.0,,0.0,0.0,,
R1,all_k5,skip_fraction,1,1,0,1,0.0,0.0,,0.0,0.0,,
R1,all_k5,eligible_fit_count,1,1,0,1,60.0,60.0,,60.0,60.0,,
R1,all_k5,fit_count,1,1,0,1,60.0,60.0,,60.0,60.0,,
R1,all_k5,max_complementarity_residual,1,1,0,1,2544.8332934431833,2544.8332934431833,,2544.8332934431833,2544.8332934431833,,
R1,all_k5,final_target_budget_excess,1,1,0,1,2.4395608147421957,2.4395608147421957,,2.4395608147421957,2.4395608147421957,,
R1,all_k5,final_budget_feasible,1,1,0,1,1.0,1.0,,1.0,1.0,,
R1,all_k5,global_certified,1,1,0,1,0.0,0.0,,0.0,0.0,,
R1,rotation_k1,initial_Y,1,1,0,1,2.2927582728477915,2.2927582728477915,,2.2927582728477915,2.2927582728477915,,
R1,rotation_k1,final_Y,1,1,0,1,2.518207579191303,2.518207579191303,,2.518207579191303,2.518207579191303,,
R1,rotation_k1,final_reward,1,1,0,1,2.518207579191303,2.518207579191303,,2.518207579191303,2.518207579191303,,
R1,rotation_k1,improvement,1,1,0,1,0.22544930634351124,0.22544930634351124,,0.22544930634351124,0.22544930634351124,,
R1,rotation_k1,gap_to_best_found,1,1,0,1,0.003713505854224586,0.003713505854224586,,0.003713505854224586,0.003713505854224586,,
R1,rotation_k1,settling_period,1,1,1,0,,,,,,,
R1,rotation_k1,total_overload,1,1,0,1,0.0,0.0,,0.0,0.0,,
R1,rotation_k1,skipped_turns,1,1,0,1,0.0,0.0,,0.0,0.0,,
R1,rotation_k1,jump_events,1,1,0,1,0.0,0.0,,0.0,0.0,,
R1,rotation_k1,bound_violations,1,1,0,1,0.0,0.0,,0.0,0.0,,
R1,rotation_k1,tail_target_range,1,1,0,1,0.416629745291292,0.416629745291292,,0.416629745291292,0.416629745291292,,
R1,rotation_k1,target_path_length,1,1,0,1,1.0670097782762982,1.0670097782762982,,1.0670097782762982,1.0670097782762982,,
R1,rotation_k1,within_one_percent_best,1,1,0,1,1.0,1.0,,1.0,1.0,,
R1,rotation_k1,mean_absolute_staleness,1,1,0,1,0.18894296967375748,0.18894296967375748,,0.18894296967375748,0.18894296967375748,,
R1,rotation_k1,max_curvature_fit_error,1,1,0,1,3.019251515468113e-13,3.019251515468113e-13,,3.019251515468113e-13,3.019251515468113e-13,,
R1,rotation_k1,max_slope_fit_error,1,1,0,1,3.319566843629218e-13,3.319566843629218e-13,,3.319566843629218e-13,3.319566843629218e-13,,
R1,rotation_k1,max_valid_identification_error,1,1,0,1,3.319566843629218e-13,3.319566843629218e-13,,3.319566843629218e-13,3.319566843629218e-13,,
R1,rotation_k1,max_exploration_formula_error,1,1,0,1,6.459459703234138e-15,6.459459703234138e-15,,6.459459703234138e-15,6.459459703234138e-15,,
R1,rotation_k1,mean_overload,1,1,0,1,0.0,0.0,,0.0,0.0,,
R1,rotation_k1,overload_period_fraction,1,1,0,1,0.0,0.0,,0.0,0.0,,
R1,rotation_k1,tail_mean_Y,1,1,0,1,2.447258120525327,2.447258120525327,,2.447258120525327,2.447258120525327,,
R1,rotation_k1,tail_mean_reward,1,1,0,1,2.447258120525327,2.447258120525327,,2.447258120525327,2.447258120525327,,
R1,rotation_k1,tail_price_range,1,1,0,1,0.2147147608297928,0.2147147608297928,,0.2147147608297928,0.2147147608297928,,
R1,rotation_k1,settling_observed,1,1,0,1,0.0,0.0,,0.0,0.0,,
R1,rotation_k1,skip_fraction,1,1,0,1,0.0,0.0,,0.0,0.0,,
R1,rotation_k1,eligible_fit_count,1,1,0,1,12.0,12.0,,12.0,12.0,,
R1,rotation_k1,fit_count,1,1,0,1,12.0,12.0,,12.0,12.0,,
R1,rotation_k1,max_complementarity_residual,1,1,0,1,2.2266424890934157e-10,2.2266424890934157e-10,,2.2266424890934157e-10,2.2266424890934157e-10,,
R1,rotation_k1,final_target_budget_excess,1,1,0,1,0.0,0.0,,0.0,0.0,,
R1,rotation_k1,final_budget_feasible,1,1,0,1,1.0,1.0,,1.0,1.0,,
R1,rotation_k1,global_certified,1,1,0,1,0.0,0.0,,0.0,0.0,,
R2,price_fixed,initial_Y,1,1,0,1,2.2927582728477915,2.2927582728477915,,2.2927582728477915,2.2927582728477915,,
R2,price_fixed,final_Y,1,1,0,1,2.518207579191303,2.518207579191303,,2.518207579191303,2.518207579191303,,
R2,price_fixed,final_reward,1,1,0,1,2.518207579191303,2.518207579191303,,2.518207579191303,2.518207579191303,,
R2,price_fixed,improvement,1,1,0,1,0.22544930634351124,0.22544930634351124,,0.22544930634351124,0.22544930634351124,,
R2,price_fixed,gap_to_best_found,1,1,0,1,0.003713505854224586,0.003713505854224586,,0.003713505854224586,0.003713505854224586,,
R2,price_fixed,settling_period,1,1,1,0,,,,,,,
R2,price_fixed,total_overload,1,1,0,1,0.0,0.0,,0.0,0.0,,
R2,price_fixed,skipped_turns,1,1,0,1,0.0,0.0,,0.0,0.0,,
R2,price_fixed,jump_events,1,1,0,1,0.0,0.0,,0.0,0.0,,
R2,price_fixed,bound_violations,1,1,0,1,0.0,0.0,,0.0,0.0,,
R2,price_fixed,tail_target_range,1,1,0,1,0.416629745291292,0.416629745291292,,0.416629745291292,0.416629745291292,,
R2,price_fixed,target_path_length,1,1,0,1,1.0670097782762982,1.0670097782762982,,1.0670097782762982,1.0670097782762982,,
R2,price_fixed,within_one_percent_best,1,1,0,1,1.0,1.0,,1.0,1.0,,
R2,price_fixed,mean_absolute_staleness,1,1,0,1,0.18894296967375748,0.18894296967375748,,0.18894296967375748,0.18894296967375748,,
R2,price_fixed,max_curvature_fit_error,1,1,0,1,3.019251515468113e-13,3.019251515468113e-13,,3.019251515468113e-13,3.019251515468113e-13,,
R2,price_fixed,max_slope_fit_error,1,1,0,1,3.319566843629218e-13,3.319566843629218e-13,,3.319566843629218e-13,3.319566843629218e-13,,
R2,price_fixed,max_valid_identification_error,1,1,0,1,3.319566843629218e-13,3.319566843629218e-13,,3.319566843629218e-13,3.319566843629218e-13,,
R2,price_fixed,max_exploration_formula_error,1,1,0,1,6.459459703234138e-15,6.459459703234138e-15,,6.459459703234138e-15,6.459459703234138e-15,,
R2,price_fixed,mean_overload,1,1,0,1,0.0,0.0,,0.0,0.0,,
R2,price_fixed,overload_period_fraction,1,1,0,1,0.0,0.0,,0.0,0.0,,
R2,price_fixed,tail_mean_Y,1,1,0,1,2.447258120525327,2.447258120525327,,2.447258120525327,2.447258120525327,,
R2,price_fixed,tail_mean_reward,1,1,0,1,2.447258120525327,2.447258120525327,,2.447258120525327,2.447258120525327,,
R2,price_fixed,tail_price_range,1,1,0,1,0.2147147608297928,0.2147147608297928,,0.2147147608297928,0.2147147608297928,,
R2,price_fixed,settling_observed,1,1,0,1,0.0,0.0,,0.0,0.0,,
R2,price_fixed,skip_fraction,1,1,0,1,0.0,0.0,,0.0,0.0,,
R2,price_fixed,eligible_fit_count,1,1,0,1,12.0,12.0,,12.0,12.0,,
R2,price_fixed,fit_count,1,1,0,1,12.0,12.0,,12.0,12.0,,
R2,price_fixed,max_complementarity_residual,1,1,0,1,2.2266424890934157e-10,2.2266424890934157e-10,,2.2266424890934157e-10,2.2266424890934157e-10,,
R2,price_fixed,final_target_budget_excess,1,1,0,1,0.0,0.0,,0.0,0.0,,
R2,price_fixed,final_budget_feasible,1,1,0,1,1.0,1.0,,1.0,1.0,,
R2,price_fixed,global_certified,1,1,0,1,0.0,0.0,,0.0,0.0,,
R2,ration_adaptive,initial_Y,1,1,0,1,2.4504115476989416,2.4504115476989416,,2.4504115476989416,2.4504115476989416,,
R2,ration_adaptive,final_Y,1,1,0,1,1.8421652690372998,1.8421652690372998,,1.8421652690372998,1.8421652690372998,,
R2,ration_adaptive,final_reward,1,1,0,1,1.8421652690372998,1.8421652690372998,,1.8421652690372998,1.8421652690372998,,
R2,ration_adaptive,improvement,1,1,0,1,-0.6082462786616418,-0.6082462786616418,,-0.6082462786616418,-0.6082462786616418,,
R2,ration_adaptive,gap_to_best_found,1,1,0,1,0.6797558160082275,0.6797558160082275,,0.6797558160082275,0.6797558160082275,,
R2,ration_adaptive,settling_period,1,1,1,0,,,,,,,
R2,ration_adaptive,total_overload,1,1,0,1,5.329070518200751e-15,5.329070518200751e-15,,5.329070518200751e-15,5.329070518200751e-15,,
R2,ration_adaptive,skipped_turns,1,1,0,1,0.0,0.0,,0.0,0.0,,
R2,ration_adaptive,jump_events,1,1,0,1,0.0,0.0,,0.0,0.0,,
R2,ration_adaptive,bound_violations,1,1,0,1,7296.0,7296.0,,7296.0,7296.0,,
R2,ration_adaptive,tail_target_range,1,1,0,1,0.389199027000002,0.389199027000002,,0.389199027000002,0.389199027000002,,
R2,ration_adaptive,target_path_length,1,1,0,1,1.8703953240000097,1.8703953240000097,,1.8703953240000097,1.8703953240000097,,
R2,ration_adaptive,within_one_percent_best,1,1,0,1,0.0,0.0,,0.0,0.0,,
R2,ration_adaptive,mean_absolute_staleness,1,1,0,1,0.25659871372578164,0.25659871372578164,,0.25659871372578164,0.25659871372578164,,
R2,ration_adaptive,max_curvature_fit_error,1,1,0,1,5.6066262743570405e-14,5.6066262743570405e-14,,5.6066262743570405e-14,5.6066262743570405e-14,,
R2,ration_adaptive,max_slope_fit_error,1,1,0,1,9.214851104388799e-14,9.214851104388799e-14,,9.214851104388799e-14,9.214851104388799e-14,,
R2,ration_adaptive,max_valid_identification_error,1,1,0,1,9.214851104388799e-14,9.214851104388799e-14,,9.214851104388799e-14,9.214851104388799e-14,,
R2,ration_adaptive,max_exploration_formula_error,1,1,0,1,9.247810850432359e-15,9.247810850432359e-15,,9.247810850432359e-15,9.247810850432359e-15,,
R2,ration_adaptive,mean_overload,1,1,0,1,4.099285014000578e-16,4.099285014000578e-16,,4.099285014000578e-16,4.099285014000578e-16,,
R2,ration_adaptive,overload_period_fraction,1,1,0,1,0.0,0.0,,0.0,0.0,,
R2,ration_adaptive,tail_mean_Y,1,1,0,1,2.1780234592501526,2.1780234592501526,,2.1780234592501526,2.1780234592501526,,
R2,ration_adaptive,tail_mean_reward,1,1,0,1,2.178023459250152,2.178023459250152,,2.178023459250152,2.178023459250152,,
R2,ration_adaptive,tail_price_range,1,1,0,1,0.0,0.0,,0.0,0.0,,
R2,ration_adaptive,settling_observed,1,1,0,1,0.0,0.0,,0.0,0.0,,
R2,ration_adaptive,skip_fraction,1,1,0,1,0.0,0.0,,0.0,0.0,,
R2,ration_adaptive,eligible_fit_count,1,1,0,1,12.0,12.0,,12.0,12.0,,
R2,ration_adaptive,fit_count,1,1,0,1,12.0,12.0,,12.0,12.0,,
R2,ration_adaptive,max_complementarity_residual,1,1,0,1,0.0,0.0,,0.0,0.0,,
R2,ration_adaptive,final_target_budget_excess,1,1,0,1,14.402038244697597,14.402038244697597,,14.402038244697597,14.402038244697597,,
R2,ration_adaptive,final_budget_feasible,1,1,0,1,1.0,1.0,,1.0,1.0,,
R2,ration_adaptive,global_certified,1,1,0,1,0.0,0.0,,0.0,0.0,,
R3,eta0.1_theta0.1,initial_Y,1,1,0,1,2.292758273014778,2.292758273014778,,2.292758273014778,2.292758273014778,,
R3,eta0.1_theta0.1,final_Y,1,1,0,1,3.6595430394647317,3.6595430394647317,,3.6595430394647317,3.6595430394647317,,
R3,eta0.1_theta0.1,final_reward,1,1,0,1,-3.8703675848931103,-3.8703675848931103,,-3.8703675848931103,-3.8703675848931103,,
R3,eta0.1_theta0.1,improvement,1,1,0,1,1.3667847664499537,1.3667847664499537,,1.3667847664499537,1.3667847664499537,,
R3,eta0.1_theta0.1,gap_to_best_found,1,1,0,1,-1.1376219544192043,-1.1376219544192043,,-1.1376219544192043,-1.1376219544192043,,
R3,eta0.1_theta0.1,settling_period,1,1,1,0,,,,,,,
R3,eta0.1_theta0.1,total_overload,1,1,0,1,39.774467548679816,39.774467548679816,,39.774467548679816,39.774467548679816,,
R3,eta0.1_theta0.1,skipped_turns,1,1,0,1,0.0,0.0,,0.0,0.0,,
R3,eta0.1_theta0.1,jump_events,1,1,0,1,0.0,0.0,,0.0,0.0,,
R3,eta0.1_theta0.1,bound_violations,1,1,0,1,0.0,0.0,,0.0,0.0,,
R3,eta0.1_theta0.1,tail_target_range,1,1,0,1,0.5080030045443432,0.5080030045443432,,0.5080030045443432,0.5080030045443432,,
R3,eta0.1_theta0.1,target_path_length,1,1,0,1,1.9041156520914888,1.9041156520914888,,1.9041156520914888,1.9041156520914888,,
R3,eta0.1_theta0.1,within_one_percent_best,1,1,0,1,0.0,0.0,,0.0,0.0,,
R3,eta0.1_theta0.1,mean_absolute_staleness,1,1,0,1,0.2994408586925725,0.2994408586925725,,0.2994408586925725,0.2994408586925725,,
R3,eta0.1_theta0.1,max_curvature_fit_error,1,1,0,1,0.22292923900139827,0.22292923900139827,,0.22292923900139827,0.22292923900139827,,
R3,eta0.1_theta0.1,max_slope_fit_error,1,1,0,1,0.5661959323428991,0.5661959323428991,,0.5661959323428991,0.5661959323428991,,
R3,eta0.1_theta0.1,max_valid_identification_error,1,1,1,0,,,,,,,
R3,eta0.1_theta0.1,max_exploration_formula_error,1,1,0,1,7.627579123870021e-15,7.627579123870021e-15,,7.627579123870021e-15,7.627579123870021e-15,,
R3,eta0.1_theta0.1,mean_overload,1,1,0,1,3.0595744268215244,3.0595744268215244,,3.0595744268215244,3.0595744268215244,,
R3,eta0.1_theta0.1,overload_period_fraction,1,1,0,1,0.9230769230769231,0.9230769230769231,,0.9230769230769231,0.9230769230769231,,
R3,eta0.1_theta0.1,tail_mean_Y,1,1,0,1,2.83936343417881,2.83936343417881,,2.83936343417881,2.83936343417881,,
R3,eta0.1_theta0.1,tail_mean_reward,1,1,0,1,-0.22021099264271468,-0.22021099264271468,,-0.22021099264271468,-0.22021099264271468,,
R3,eta0.1_theta0.1,tail_price_range,1,1,0,1,999.596758256701,999.596758256701,,999.596758256701,999.596758256701,,
R3,eta0.1_theta0.1,settling_observed,1,1,0,1,0.0,0.0,,0.0,0.0,,
R3,eta0.1_theta0.1,skip_fraction,1,1,0,1,0.0,0.0,,0.0,0.0,,
R3,eta0.1_theta0.1,eligible_fit_count,1,1,0,1,0.0,0.0,,0.0,0.0,,
R3,eta0.1_theta0.1,fit_count,1,1,0,1,12.0,12.0,,12.0,12.0,,
R3,eta0.1_theta0.1,max_complementarity_residual,1,1,0,1,7529.910624357843,7529.910624357843,,7529.910624357843,7529.910624357843,,
R3,eta0.1_theta0.1,final_target_budget_excess,1,1,0,1,10.151519876413978,10.151519876413978,,10.151519876413978,10.151519876413978,,
R3,eta0.1_theta0.1,final_budget_feasible,1,1,0,1,0.0,0.0,,0.0,0.0,,
R3,eta0.1_theta0.1,global_certified,1,1,0,1,0.0,0.0,,0.0,0.0,,
R3,eta1.0_theta1.0,initial_Y,1,1,0,1,2.2927582730223093,2.2927582730223093,,2.2927582730223093,2.2927582730223093,,
R3,eta1.0_theta1.0,final_Y,1,1,0,1,3.61579263817716,3.61579263817716,,3.61579263817716,3.61579263817716,,
R3,eta1.0_theta1.0,final_reward,1,1,0,1,-3.177429276806498,-3.177429276806498,,-3.177429276806498,-3.177429276806498,,
R3,eta1.0_theta1.0,improvement,1,1,0,1,1.3230343651548506,1.3230343651548506,,1.3230343651548506,1.3230343651548506,,
R3,eta1.0_theta1.0,gap_to_best_found,1,1,0,1,-1.0938715531316325,-1.0938715531316325,,-1.0938715531316325,-1.0938715531316325,,
R3,eta1.0_theta1.0,settling_period,1,1,1,0,,,,,,,
R3,eta1.0_theta1.0,total_overload,1,1,0,1,30.191759176224288,30.191759176224288,,30.191759176224288,30.191759176224288,,
R3,eta1.0_theta1.0,skipped_turns,1,1,0,1,0.0,0.0,,0.0,0.0,,
R3,eta1.0_theta1.0,jump_events,1,1,0,1,0.0,0.0,,0.0,0.0,,
R3,eta1.0_theta1.0,bound_violations,1,1,0,1,0.0,0.0,,0.0,0.0,,
R3,eta1.0_theta1.0,tail_target_range,1,1,0,1,0.5080030045420849,0.5080030045420849,,0.5080030045420849,0.5080030045420849,,
R3,eta1.0_theta1.0,target_path_length,1,1,0,1,2.1428857034591866,2.1428857034591866,,2.1428857034591866,2.1428857034591866,,
R3,eta1.0_theta1.0,within_one_percent_best,1,1,0,1,0.0,0.0,,0.0,0.0,,
R3,eta1.0_theta1.0,mean_absolute_staleness,1,1,0,1,0.48792087917181065,0.48792087917181065,,0.48792087917181065,0.48792087917181065,,
R3,eta1.0_theta1.0,max_curvature_fit_error,1,1,0,1,2.186909057538428,2.186909057538428,,2.186909057538428,2.186909057538428,,
R3,eta1.0_theta1.0,max_slope_fit_error,1,1,0,1,2.1939846851062548,2.1939846851062548,,2.1939846851062548,2.1939846851062548,,
R3,eta1.0_theta1.0,max_valid_identification_error,1,1,1,0,,,,,,,
R3,eta1.0_theta1.0,max_exploration_formula_error,1,1,0,1,6.222886789197801e-15,6.222886789197801e-15,,6.222886789197801e-15,6.222886789197801e-15,,
R3,eta1.0_theta1.0,mean_overload,1,1,0,1,2.3224430135557146,2.3224430135557146,,2.3224430135557146,2.3224430135557146,,
R3,eta1.0_theta1.0,overload_period_fraction,1,1,0,1,0.9230769230769231,0.9230769230769231,,0.9230769230769231,0.9230769230769231,,
R3,eta1.0_theta1.0,tail_mean_Y,1,1,0,1,2.866097751539402,2.866097751539402,,2.866097751539402,2.866097751539402,,
R3,eta1.0_theta1.0,tail_mean_reward,1,1,0,1,0.5436547379836877,0.5436547379836877,,0.5436547379836877,0.5436547379836877,,
R3,eta1.0_theta1.0,tail_price_range,1,1,0,1,999.8250156368979,999.8250156368979,,999.8250156368979,999.8250156368979,,
R3,eta1.0_theta1.0,settling_observed,1,1,0,1,0.0,0.0,,0.0,0.0,,
R3,eta1.0_theta1.0,skip_fraction,1,1,0,1,0.0,0.0,,0.0,0.0,,
R3,eta1.0_theta1.0,eligible_fit_count,1,1,0,1,0.0,0.0,,0.0,0.0,,
R3,eta1.0_theta1.0,fit_count,1,1,0,1,12.0,12.0,,12.0,12.0,,
R3,eta1.0_theta1.0,max_complementarity_residual,1,1,0,1,6793.221914983657,6793.221914983657,,6793.221914983657,6793.221914983657,,
R3,eta1.0_theta1.0,final_target_budget_excess,1,1,0,1,9.485207060644623,9.485207060644623,,9.485207060644623,9.485207060644623,,
R3,eta1.0_theta1.0,final_budget_feasible,1,1,0,1,0.0,0.0,,0.0,0.0,,
R3,eta1.0_theta1.0,global_certified,1,1,0,1,0.0,0.0,,0.0,0.0,,
R4,offset-5.0_draft,initial_Y,1,1,0,1,-2.7072417271522085,-2.7072417271522085,,-2.7072417271522085,-2.7072417271522085,,
R4,offset-5.0_draft,final_Y,1,1,0,1,-2.4817924208086786,-2.4817924208086786,,-2.4817924208086786,-2.4817924208086786,,
R4,offset-5.0_draft,final_reward,1,1,0,1,-2.4817924208086786,-2.4817924208086786,,-2.4817924208086786,-2.4817924208086786,,
R4,offset-5.0_draft,improvement,1,1,0,1,0.2254493063435299,0.2254493063435299,,0.2254493063435299,0.2254493063435299,,
R4,offset-5.0_draft,gap_to_best_found,1,1,0,1,0.00371350585420549,0.00371350585420549,,0.00371350585420549,0.00371350585420549,,
R4,offset-5.0_draft,settling_period,1,1,1,0,,,,,,,
R4,offset-5.0_draft,total_overload,1,1,0,1,0.0,0.0,,0.0,0.0,,
R4,offset-5.0_draft,skipped_turns,1,1,0,1,0.0,0.0,,0.0,0.0,,
R4,offset-5.0_draft,jump_events,1,1,0,1,0.0,0.0,,0.0,0.0,,
R4,offset-5.0_draft,bound_violations,1,1,0,1,0.0,0.0,,0.0,0.0,,
R4,offset-5.0_draft,tail_target_range,1,1,0,1,0.4166297452913114,0.4166297452913114,,0.4166297452913114,0.4166297452913114,,
R4,offset-5.0_draft,target_path_length,1,1,0,1,1.067009778276309,1.067009778276309,,1.067009778276309,1.067009778276309,,
R4,offset-5.0_draft,within_one_percent_best,1,1,0,1,1.0,1.0,,1.0,1.0,,
R4,offset-5.0_draft,mean_absolute_staleness,1,1,0,1,0.1889429696737299,0.1889429696737299,,0.1889429696737299,0.1889429696737299,,
R4,offset-5.0_draft,max_curvature_fit_error,1,1,0,1,3.6720626539477053e-13,3.6720626539477053e-13,,3.6720626539477053e-13,3.6720626539477053e-13,,
R4,offset-5.0_draft,max_slope_fit_error,1,1,0,1,4.900524430695441e-13,4.900524430695441e-13,,4.900524430695441e-13,4.900524430695441e-13,,
R4,offset-5.0_draft,max_valid_identification_error,1,1,0,1,4.900524430695441e-13,4.900524430695441e-13,,4.900524430695441e-13,4.900524430695441e-13,,
R4,offset-5.0_draft,max_exploration_formula_error,1,1,0,1,7.347638122934264e-15,7.347638122934264e-15,,7.347638122934264e-15,7.347638122934264e-15,,
R4,offset-5.0_draft,mean_overload,1,1,0,1,0.0,0.0,,0.0,0.0,,
R4,offset-5.0_draft,overload_period_fraction,1,1,0,1,0.0,0.0,,0.0,0.0,,
R4,offset-5.0_draft,tail_mean_Y,1,1,0,1,-2.5527418794746706,-2.5527418794746706,,-2.5527418794746706,-2.5527418794746706,,
R4,offset-5.0_draft,tail_mean_reward,1,1,0,1,-2.5527418794746706,-2.5527418794746706,,-2.5527418794746706,-2.5527418794746706,,
R4,offset-5.0_draft,tail_price_range,1,1,0,1,0.2147147608297928,0.2147147608297928,,0.2147147608297928,0.2147147608297928,,
R4,offset-5.0_draft,settling_observed,1,1,0,1,0.0,0.0,,0.0,0.0,,
R4,offset-5.0_draft,skip_fraction,1,1,0,1,0.0,0.0,,0.0,0.0,,
R4,offset-5.0_draft,eligible_fit_count,1,1,0,1,12.0,12.0,,12.0,12.0,,
R4,offset-5.0_draft,fit_count,1,1,0,1,12.0,12.0,,12.0,12.0,,
R4,offset-5.0_draft,max_complementarity_residual,1,1,0,1,2.2266424890934157e-10,2.2266424890934157e-10,,2.2266424890934157e-10,2.2266424890934157e-10,,
R4,offset-5.0_draft,final_target_budget_excess,1,1,0,1,0.0,0.0,,0.0,0.0,,
R4,offset-5.0_draft,final_budget_feasible,1,1,0,1,1.0,1.0,,1.0,1.0,,
R4,offset-5.0_draft,global_certified,1,1,0,1,0.0,0.0,,0.0,0.0,,
R4,offset5.0_absolute_drop,initial_Y,1,1,0,1,7.292758272847792,7.292758272847792,,7.292758272847792,7.292758272847792,,
R4,offset5.0_absolute_drop,final_Y,1,1,0,1,7.518207579191322,7.518207579191322,,7.518207579191322,7.518207579191322,,
R4,offset5.0_absolute_drop,final_reward,1,1,0,1,7.518207579191322,7.518207579191322,,7.518207579191322,7.518207579191322,,
R4,offset5.0_absolute_drop,improvement,1,1,0,1,0.22544930634352944,0.22544930634352944,,0.22544930634352944,0.22544930634352944,,
R4,offset5.0_absolute_drop,gap_to_best_found,1,1,0,1,0.003713505854205934,0.003713505854205934,,0.003713505854205934,0.003713505854205934,,
R4,offset5.0_absolute_drop,settling_period,1,1,1,0,,,,,,,
R4,offset5.0_absolute_drop,total_overload,1,1,0,1,0.0,0.0,,0.0,0.0,,
R4,offset5.0_absolute_drop,skipped_turns,1,1,0,1,0.0,0.0,,0.0,0.0,,
R4,offset5.0_absolute_drop,jump_events,1,1,0,1,0.0,0.0,,0.0,0.0,,
R4,offset5.0_absolute_drop,bound_violations,1,1,0,1,0.0,0.0,,0.0,0.0,,
R4,offset5.0_absolute_drop,tail_target_range,1,1,0,1,0.4166297452912671,0.4166297452912671,,0.4166297452912671,0.4166297452912671,,
R4,offset5.0_absolute_drop,target_path_length,1,1,0,1,1.0670097782762795,1.0670097782762795,,1.0670097782762795,1.0670097782762795,,
R4,offset5.0_absolute_drop,within_one_percent_best,1,1,0,1,1.0,1.0,,1.0,1.0,,
R4,offset5.0_absolute_drop,mean_absolute_staleness,1,1,0,1,0.18894296967376464,0.18894296967376464,,0.18894296967376464,0.18894296967376464,,
R4,offset5.0_absolute_drop,max_curvature_fit_error,1,1,0,1,2.8466118351389014e-13,2.8466118351389014e-13,,2.8466118351389014e-13,2.8466118351389014e-13,,
R4,offset5.0_absolute_drop,max_slope_fit_error,1,1,0,1,3.0619951019161817e-13,3.0619951019161817e-13,,3.0619951019161817e-13,3.0619951019161817e-13,,
R4,offset5.0_absolute_drop,max_valid_identification_error,1,1,0,1,3.0619951019161817e-13,3.0619951019161817e-13,,3.0619951019161817e-13,3.0619951019161817e-13,,
R4,offset5.0_absolute_drop,max_exploration_formula_error,1,1,0,1,4.07486544506952e-15,4.07486544506952e-15,,4.07486544506952e-15,4.07486544506952e-15,,
R4,offset5.0_absolute_drop,mean_overload,1,1,0,1,0.0,0.0,,0.0,0.0,,
R4,offset5.0_absolute_drop,overload_period_fraction,1,1,0,1,0.0,0.0,,0.0,0.0,,
R4,offset5.0_absolute_drop,tail_mean_Y,1,1,0,1,7.447258120525338,7.447258120525338,,7.447258120525338,7.447258120525338,,
R4,offset5.0_absolute_drop,tail_mean_reward,1,1,0,1,7.447258120525338,7.447258120525338,,7.447258120525338,7.447258120525338,,
R4,offset5.0_absolute_drop,tail_price_range,1,1,0,1,0.2147147608297928,0.2147147608297928,,0.2147147608297928,0.2147147608297928,,
R4,offset5.0_absolute_drop,settling_observed,1,1,0,1,0.0,0.0,,0.0,0.0,,
R4,offset5.0_absolute_drop,skip_fraction,1,1,0,1,0.0,0.0,,0.0,0.0,,
R4,offset5.0_absolute_drop,eligible_fit_count,1,1,0,1,12.0,12.0,,12.0,12.0,,
R4,offset5.0_absolute_drop,fit_count,1,1,0,1,12.0,12.0,,12.0,12.0,,
R4,offset5.0_absolute_drop,max_complementarity_residual,1,1,0,1,2.2266424890934157e-10,2.2266424890934157e-10,,2.2266424890934157e-10,2.2266424890934157e-10,,
R4,offset5.0_absolute_drop,final_target_budget_excess,1,1,0,1,0.0,0.0,,0.0,0.0,,
R4,offset5.0_absolute_drop,final_budget_feasible,1,1,0,1,1.0,1.0,,1.0,1.0,,
R4,offset5.0_absolute_drop,global_certified,1,1,0,1,0.0,0.0,,0.0,0.0,,
R5,width0.0_amplitude0.03,initial_Y,1,1,0,1,2.2927582728477915,2.2927582728477915,,2.2927582728477915,2.2927582728477915,,
R5,width0.0_amplitude0.03,final_Y,1,1,0,1,1.6819745999756688,1.6819745999756688,,1.6819745999756688,1.6819745999756688,,
R5,width0.0_amplitude0.03,final_reward,1,1,0,1,1.0047488514693221,1.0047488514693221,,1.0047488514693221,1.0047488514693221,,
R5,width0.0_amplitude0.03,improvement,1,1,0,1,-0.6107836728721228,-0.6107836728721228,,-0.6107836728721228,-0.6107836728721228,,
R5,width0.0_amplitude0.03,gap_to_best_found,1,1,0,1,0.8399464850698586,0.8399464850698586,,0.8399464850698586,0.8399464850698586,,
R5,width0.0_amplitude0.03,settling_period,1,1,1,0,,,,,,,
R5,width0.0_amplitude0.03,total_overload,1,1,0,1,3.8637501360440574,3.8637501360440574,,3.8637501360440574,3.8637501360440574,,
R5,width0.0_amplitude0.03,skipped_turns,1,1,0,1,0.0,0.0,,0.0,0.0,,
R5,width0.0_amplitude0.03,jump_events,1,1,0,1,0.0,0.0,,0.0,0.0,,
R5,width0.0_amplitude0.03,bound_violations,1,1,0,1,0.0,0.0,,0.0,0.0,,
R5,width0.0_amplitude0.03,tail_target_range,1,1,0,1,0.7078757301252341,0.7078757301252341,,0.7078757301252341,0.7078757301252341,,
R5,width0.0_amplitude0.03,target_path_length,1,1,0,1,3.617014655056444,3.617014655056444,,3.617014655056444,3.617014655056444,,
R5,width0.0_amplitude0.03,within_one_percent_best,1,1,0,1,0.0,0.0,,0.0,0.0,,
R5,width0.0_amplitude0.03,mean_absolute_staleness,1,1,0,1,0.25481624387433294,0.25481624387433294,,0.25481624387433294,0.25481624387433294,,
R5,width0.0_amplitude0.03,max_curvature_fit_error,1,1,0,1,6.103451077876798e-13,6.103451077876798e-13,,6.103451077876798e-13,6.103451077876798e-13,,
R5,width0.0_amplitude0.03,max_slope_fit_error,1,1,0,1,8.577583088253959e-13,8.577583088253959e-13,,8.577583088253959e-13,8.577583088253959e-13,,
R5,width0.0_amplitude0.03,max_valid_identification_error,1,1,0,1,8.577583088253959e-13,8.577583088253959e-13,,8.577583088253959e-13,8.577583088253959e-13,,
R5,width0.0_amplitude0.03,max_exploration_formula_error,1,1,0,1,2.9692231746231146e-15,2.9692231746231146e-15,,2.9692231746231146e-15,2.9692231746231146e-15,,
R5,width0.0_amplitude0.03,mean_overload,1,1,0,1,0.29721154892646595,0.29721154892646595,,0.29721154892646595,0.29721154892646595,,
R5,width0.0_amplitude0.03,overload_period_fraction,1,1,0,1,0.38461538461538464,0.38461538461538464,,0.38461538461538464,0.38461538461538464,,
R5,width0.0_amplitude0.03,tail_mean_Y,1,1,0,1,2.217264750090021,2.217264750090021,,2.217264750090021,2.217264750090021,,
R5,width0.0_amplitude0.03,tail_mean_reward,1,1,0,1,1.9200532011635554,1.9200532011635554,,1.9200532011635554,1.9200532011635554,,
R5,width0.0_amplitude0.03,tail_price_range,1,1,0,1,1000.0,1000.0,,1000.0,1000.0,,
R5,width0.0_amplitude0.03,settling_observed,1,1,0,1,0.0,0.0,,0.0,0.0,,
R5,width0.0_amplitude0.03,skip_fraction,1,1,0,1,0.0,0.0,,0.0,0.0,,
R5,width0.0_amplitude0.03,eligible_fit_count,1,1,0,1,12.0,12.0,,12.0,12.0,,
R5,width0.0_amplitude0.03,fit_count,1,1,0,1,12.0,12.0,,12.0,12.0,,
R5,width0.0_amplitude0.03,max_complementarity_residual,1,1,0,1,1257.5022829968746,1257.5022829968746,,1257.5022829968746,1257.5022829968746,,
R5,width0.0_amplitude0.03,final_target_budget_excess,1,1,0,1,0.6142936633712512,0.6142936633712512,,0.6142936633712512,0.6142936633712512,,
R5,width0.0_amplitude0.03,final_budget_feasible,1,1,0,1,0.0,0.0,,0.0,0.0,,
R5,width0.0_amplitude0.03,global_certified,1,1,0,1,0.0,0.0,,0.0,0.0,,
R5,width0.3_amplitude0.15,initial_Y,1,1,0,1,2.2927582728477915,2.2927582728477915,,2.2927582728477915,2.2927582728477915,,
R5,width0.3_amplitude0.15,final_Y,1,1,0,1,2.512805876871928,2.512805876871928,,2.512805876871928,2.512805876871928,,
R5,width0.3_amplitude0.15,final_reward,1,1,0,1,2.512805876871928,2.512805876871928,,2.512805876871928,2.512805876871928,,
R5,width0.3_amplitude0.15,improvement,1,1,0,1,0.2200476040241366,0.2200476040241366,,0.2200476040241366,0.2200476040241366,,
R5,width0.3_amplitude0.15,gap_to_best_found,1,1,0,1,0.009115208173599232,0.009115208173599232,,0.009115208173599232,0.009115208173599232,,
R5,width0.3_amplitude0.15,settling_period,1,1,1,0,,,,,,,
R5,width0.3_amplitude0.15,total_overload,1,1,0,1,0.0,0.0,,0.0,0.0,,
R5,width0.3_amplitude0.15,skipped_turns,1,1,0,1,0.0,0.0,,0.0,0.0,,
R5,width0.3_amplitude0.15,jump_events,1,1,0,1,0.0,0.0,,0.0,0.0,,
R5,width0.3_amplitude0.15,bound_violations,1,1,0,1,0.0,0.0,,0.0,0.0,,
R5,width0.3_amplitude0.15,tail_target_range,1,1,0,1,0.4190593171000969,0.4190593171000969,,0.4190593171000969,0.4190593171000969,,
R5,width0.3_amplitude0.15,target_path_length,1,1,0,1,0.9343634213332294,0.9343634213332294,,0.9343634213332294,0.9343634213332294,,
R5,width0.3_amplitude0.15,within_one_percent_best,1,1,0,1,1.0,1.0,,1.0,1.0,,
R5,width0.3_amplitude0.15,mean_absolute_staleness,1,1,0,1,0.18176856100858207,0.18176856100858207,,0.18176856100858207,0.18176856100858207,,
R5,width0.3_amplitude0.15,max_curvature_fit_error,1,1,0,1,6.811218256075335e-14,6.811218256075335e-14,,6.811218256075335e-14,6.811218256075335e-14,,
R5,width0.3_amplitude0.15,max_slope_fit_error,1,1,0,1,9.370282327836321e-14,9.370282327836321e-14,,9.370282327836321e-14,9.370282327836321e-14,,
R5,width0.3_amplitude0.15,max_valid_identification_error,1,1,0,1,9.370282327836321e-14,9.370282327836321e-14,,9.370282327836321e-14,9.370282327836321e-14,,
R5,width0.3_amplitude0.15,max_exploration_formula_error,1,1,0,1,5.302182304323111e-15,5.302182304323111e-15,,5.302182304323111e-15,5.302182304323111e-15,,
R5,width0.3_amplitude0.15,mean_overload,1,1,0,1,0.0,0.0,,0.0,0.0,,
R5,width0.3_amplitude0.15,overload_period_fraction,1,1,0,1,0.0,0.0,,0.0,0.0,,
R5,width0.3_amplitude0.15,tail_mean_Y,1,1,0,1,2.433824737488096,2.433824737488096,,2.433824737488096,2.433824737488096,,
R5,width0.3_amplitude0.15,tail_mean_reward,1,1,0,1,2.433824737488096,2.433824737488096,,2.433824737488096,2.433824737488096,,
R5,width0.3_amplitude0.15,tail_price_range,1,1,0,1,0.13406852571051786,0.13406852571051786,,0.13406852571051786,0.13406852571051786,,
R5,width0.3_amplitude0.15,settling_observed,1,1,0,1,0.0,0.0,,0.0,0.0,,
R5,width0.3_amplitude0.15,skip_fraction,1,1,0,1,0.0,0.0,,0.0,0.0,,
R5,width0.3_amplitude0.15,eligible_fit_count,1,1,0,1,12.0,12.0,,12.0,12.0,,
R5,width0.3_amplitude0.15,fit_count,1,1,0,1,12.0,12.0,,12.0,12.0,,
R5,width0.3_amplitude0.15,max_complementarity_residual,1,1,0,1,2.2266424890934157e-10,2.2266424890934157e-10,,2.2266424890934157e-10,2.2266424890934157e-10,,
R5,width0.3_amplitude0.15,final_target_budget_excess,1,1,0,1,0.0,0.0,,0.0,0.0,,
R5,width0.3_amplitude0.15,final_budget_feasible,1,1,0,1,1.0,1.0,,1.0,1.0,,
R5,width0.3_amplitude0.15,global_certified,1,1,0,1,0.0,0.0,,0.0,0.0,,
R6,all_budget0.5_beta0.1,initial_Y,1,1,0,1,1.3197093801331348,1.3197093801331348,,1.3197093801331348,1.3197093801331348,,
R6,all_budget0.5_beta0.1,final_Y,1,1,0,1,1.5190011311713238,1.5190011311713238,,1.5190011311713238,1.5190011311713238,,
R6,all_budget0.5_beta0.1,final_reward,1,1,0,1,1.5190011311713238,1.5190011311713238,,1.5190011311713238,1.5190011311713238,,
R6,all_budget0.5_beta0.1,improvement,1,1,0,1,0.19929175103818908,0.19929175103818908,,0.19929175103818908,0.19929175103818908,,
R6,all_budget0.5_beta0.1,gap_to_best_found,1,1,0,1,0.03393521536576216,0.03393521536576216,,0.03393521536576216,0.03393521536576216,,
R6,all_budget0.5_beta0.1,settling_period,1,1,1,0,,,,,,,
R6,all_budget0.5_beta0.1,total_overload,1,1,0,1,0.5948904740249916,0.5948904740249916,,0.5948904740249916,0.5948904740249916,,
R6,all_budget0.5_beta0.1,skipped_turns,1,1,0,1,20.0,20.0,,20.0,20.0,,
R6,all_budget0.5_beta0.1,jump_events,1,1,0,1,0.0,0.0,,0.0,0.0,,
R6,all_budget0.5_beta0.1,bound_violations,1,1,0,1,0.0,0.0,,0.0,0.0,,
R6,all_budget0.5_beta0.1,tail_target_range,1,1,0,1,0.18825477211678876,0.18825477211678876,,0.18825477211678876,0.18825477211678876,,
R6,all_budget0.5_beta0.1,target_path_length,1,1,0,1,0.904055870070402,0.904055870070402,,0.904055870070402,0.904055870070402,,
R6,all_budget0.5_beta0.1,within_one_percent_best,1,1,0,1,0.0,0.0,,0.0,0.0,,
R6,all_budget0.5_beta0.1,mean_absolute_staleness,1,1,0,1,0.07924864049179588,0.07924864049179588,,0.07924864049179588,0.07924864049179588,,
R6,all_budget0.5_beta0.1,max_curvature_fit_error,1,1,0,1,1.8590684547348246e-13,1.8590684547348246e-13,,1.8590684547348246e-13,1.8590684547348246e-13,,
R6,all_budget0.5_beta0.1,max_slope_fit_error,1,1,0,1,1.2534417948018017e-13,1.2534417948018017e-13,,1.2534417948018017e-13,1.2534417948018017e-13,,
R6,all_budget0.5_beta0.1,max_valid_identification_error,1,1,0,1,1.8590684547348246e-13,1.8590684547348246e-13,,1.8590684547348246e-13,1.8590684547348246e-13,,
R6,all_budget0.5_beta0.1,max_exploration_formula_error,1,1,0,1,1.673628683557249e-15,1.673628683557249e-15,,1.673628683557249e-15,1.673628683557249e-15,,
R6,all_budget0.5_beta0.1,mean_overload,1,1,0,1,0.045760805694230126,0.045760805694230126,,0.045760805694230126,0.045760805694230126,,
R6,all_budget0.5_beta0.1,overload_period_fraction,1,1,0,1,0.3076923076923077,0.3076923076923077,,0.3076923076923077,0.3076923076923077,,
R6,all_budget0.5_beta0.1,tail_mean_Y,1,1,0,1,1.4212100770168503,1.4212100770168503,,1.4212100770168503,1.4212100770168503,,
R6,all_budget0.5_beta0.1,tail_mean_reward,1,1,0,1,1.37544927132262,1.37544927132262,,1.37544927132262,1.37544927132262,,
R6,all_budget0.5_beta0.1,tail_price_range,1,1,0,1,1000.0,1000.0,,1000.0,1000.0,,
R6,all_budget0.5_beta0.1,settling_observed,1,1,0,1,0.0,0.0,,0.0,0.0,,
R6,all_budget0.5_beta0.1,skip_fraction,1,1,0,1,0.3333333333333333,0.3333333333333333,,0.3333333333333333,0.3333333333333333,,
R6,all_budget0.5_beta0.1,eligible_fit_count,1,1,0,1,40.0,40.0,,40.0,40.0,,
R6,all_budget0.5_beta0.1,fit_count,1,1,0,1,40.0,40.0,,40.0,40.0,,
R6,all_budget0.5_beta0.1,max_complementarity_residual,1,1,0,1,364.6641563888706,364.6641563888706,,364.6641563888706,364.6641563888706,,
R6,all_budget0.5_beta0.1,final_target_budget_excess,1,1,0,1,0.05541068042620845,0.05541068042620845,,0.05541068042620845,0.05541068042620845,,
R6,all_budget0.5_beta0.1,final_budget_feasible,1,1,0,1,1.0,1.0,,1.0,1.0,,
R6,all_budget0.5_beta0.1,global_certified,1,1,0,1,0.0,0.0,,0.0,0.0,,
R6,all_budget3.0_beta1.0,initial_Y,1,1,0,1,3.7389864572687164,3.7389864572687164,,3.7389864572687164,3.7389864572687164,,
R6,all_budget3.0_beta1.0,final_Y,1,1,0,1,3.578273868576872,3.578273868576872,,3.578273868576872,3.578273868576872,,
R6,all_budget3.0_beta1.0,final_reward,1,1,0,1,3.578273868576872,3.578273868576872,,3.578273868576872,3.578273868576872,,
R6,all_budget3.0_beta1.0,improvement,1,1,0,1,-0.16071258869184435,-0.16071258869184435,,-0.16071258869184435,-0.16071258869184435,,
R6,all_budget3.0_beta1.0,gap_to_best_found,1,1,0,1,0.28316836455174643,0.28316836455174643,,0.28316836455174643,0.28316836455174643,,
R6,all_budget3.0_beta1.0,settling_period,1,1,1,0,,,,,,,
R6,all_budget3.0_beta1.0,total_overload,1,1,0,1,6.892716054450645,6.892716054450645,,6.892716054450645,6.892716054450645,,
R6,all_budget3.0_beta1.0,skipped_turns,1,1,0,1,12.0,12.0,,12.0,12.0,,
R6,all_budget3.0_beta1.0,jump_events,1,1,0,1,0.0,0.0,,0.0,0.0,,
R6,all_budget3.0_beta1.0,bound_violations,1,1,0,1,0.0,0.0,,0.0,0.0,,
R6,all_budget3.0_beta1.0,tail_target_range,1,1,0,1,0.999999,0.999999,,0.999999,0.999999,,
R6,all_budget3.0_beta1.0,target_path_length,1,1,0,1,14.339902186960979,14.339902186960979,,14.339902186960979,14.339902186960979,,
R6,all_budget3.0_beta1.0,within_one_percent_best,1,1,0,1,0.0,0.0,,0.0,0.0,,
R6,all_budget3.0_beta1.0,mean_absolute_staleness,1,1,0,1,0.6518751952748325,0.6518751952748325,,0.6518751952748325,0.6518751952748325,,
R6,all_budget3.0_beta1.0,max_curvature_fit_error,1,1,0,1,4.4786396813378815e-13,4.4786396813378815e-13,,4.4786396813378815e-13,4.4786396813378815e-13,,
R6,all_budget3.0_beta1.0,max_slope_fit_error,1,1,0,1,8.459899447643693e-13,8.459899447643693e-13,,8.459899447643693e-13,8.459899447643693e-13,,
R6,all_budget3.0_beta1.0,max_valid_identification_error,1,1,0,1,8.459899447643693e-13,8.459899447643693e-13,,8.459899447643693e-13,8.459899447643693e-13,,
R6,all_budget3.0_beta1.0,max_exploration_formula_error,1,1,0,1,8.800740084607961e-15,8.800740084607961e-15,,8.800740084607961e-15,8.800740084607961e-15,,
R6,all_budget3.0_beta1.0,mean_overload,1,1,0,1,0.5302089272654342,0.5302089272654342,,0.5302089272654342,0.5302089272654342,,
R6,all_budget3.0_beta1.0,overload_period_fraction,1,1,0,1,0.23076923076923078,0.23076923076923078,,0.23076923076923078,0.23076923076923078,,
R6,all_budget3.0_beta1.0,tail_mean_Y,1,1,0,1,2.8983108758364513,2.8983108758364513,,2.8983108758364513,2.8983108758364513,,
R6,all_budget3.0_beta1.0,tail_mean_reward,1,1,0,1,2.368101948571017,2.368101948571017,,2.368101948571017,2.368101948571017,,
R6,all_budget3.0_beta1.0,tail_price_range,1,1,0,1,1000.0,1000.0,,1000.0,1000.0,,
R6,all_budget3.0_beta1.0,settling_observed,1,1,0,1,0.0,0.0,,0.0,0.0,,
R6,all_budget3.0_beta1.0,skip_fraction,1,1,0,1,0.2,0.2,,0.2,0.2,,
R6,all_budget3.0_beta1.0,eligible_fit_count,1,1,0,1,48.0,48.0,,48.0,48.0,,
R6,all_budget3.0_beta1.0,fit_count,1,1,0,1,48.0,48.0,,48.0,48.0,,
R6,all_budget3.0_beta1.0,max_complementarity_residual,1,1,0,1,2516.896949801296,2516.896949801296,,2516.896949801296,2516.896949801296,,
R6,all_budget3.0_beta1.0,final_target_budget_excess,1,1,0,1,48.49001190451956,48.49001190451956,,48.49001190451956,48.49001190451956,,
R6,all_budget3.0_beta1.0,final_budget_feasible,1,1,0,1,1.0,1.0,,1.0,1.0,,
R6,all_budget3.0_beta1.0,global_certified,1,1,0,1,0.0,0.0,,0.0,0.0,,
