experiment,arm,metric,mean,p05,p95,seeds
E1,baseline,final_W,0.3557323970901132,0.30861102767279625,0.40493903984932633,3
E1,baseline,final_Q,0.5291500661511415,0.4902825042720961,0.5816355927855474,3
E1,baseline,gain_W,0.08238447840381845,0.035263108986501514,0.13159112116303162,3
E1,baseline,mean_W,0.3119841775004915,0.28400629753844414,0.34872634384833984,3
E1,baseline,welfare_area,31.157225510847244,28.38299819935117,34.806838824252466,3
E1,baseline,final_score,0.6781920908640701,0.6521671313699372,0.7059718861208585,3
E1,baseline,final_reference_score,0.6196450707520564,0.5821471582713569,0.661367438040962,3
E1,baseline,final_anchor,0.3,0.3,0.3,3
E1,baseline,final_separation,0.3,0.3,0.3,3
E1,baseline,final_rho_E,0.5567846335051801,0.45730885181753267,0.6268762073308067,3
E1,baseline,accepted_rate,0.4000000000000001,0.381,0.426,3
E1,baseline,false_accept_share,0.13151617863980167,0.08238866396761134,0.18059975520195837,3
E1,baseline,false_reject_rate,0.1366666666666667,0.08600000000000001,0.185,3
E1,baseline,diagnostic_hit_rate,0.24333333333333332,0.15300000000000002,0.315,3
E1,baseline,nonconverged_share,0.0,0.0,0.0,3
E1,baseline,promotion_count,20.0,20.0,20.0,3
E1,baseline,total_cycles,100.0,100.0,100.0,3
E1,baseline,max_rejection_plateau,10.333333333333334,8.2,12.7,3
E1,baseline,score_welfare_correlation,0.7969409317176899,0.7087558262151945,0.9259831527439814,3
E1,baseline,reversals_adjacent_epoch,10.666666666666666,4.0,22.0,3
E1,weak_M,final_W,0.30759912249652177,0.2964667876250741,0.32619471479631706,3
E1,weak_M,final_Q,0.4847026955071789,0.47482379181755907,0.49094929412347316,3
E1,weak_M,gain_W,0.05933453991154362,0.048202205040095994,0.07793013221133893,3
E1,weak_M,mean_W,0.2773641940156593,0.26814241686492596,0.2864065724840813,3
E1,weak_M,welfare_area,27.70675213161016,26.790140583972544,28.60169218230246,3
E1,weak_M,final_score,0.6363588156024497,0.618289463393298,0.6472117294683521,3
E1,weak_M,final_reference_score,0.550821401425075,0.5393704519360603,0.5594700869133147,3
E1,weak_M,final_anchor,0.3,0.3,0.3,3
E1,weak_M,final_separation,0.3,0.3,0.3,3
E1,weak_M,final_rho_E,0.5637781031279472,0.527156644832329,0.620505529201641,3
E1,weak_M,accepted_rate,0.45,0.40700000000000003,0.479,3
E1,weak_M,false_accept_share,0.18590425531914892,0.17194148936170212,0.19875,3
E1,weak_M,false_reject_rate,0.12333333333333334,0.10300000000000001,0.139,3
E1,weak_M,diagnostic_hit_rate,0.21333333333333335,0.17200000000000001,0.271,3
E1,weak_M,nonconverged_share,0.0,0.0,0.0,3
E1,weak_M,promotion_count,20.0,20.0,20.0,3
E1,weak_M,total_cycles,100.0,100.0,100.0,3
E1,weak_M,max_rejection_plateau,8.333333333333334,7.0,10.6,3
E1,weak_M,score_welfare_correlation,0.42303600529677127,0.16784059797369696,0.6605435862463171,3
E1,weak_M,reversals_adjacent_epoch,11.0,7.4,14.6,3
E2,K_10_ell_2.0,final_W,0.3439966537866026,0.3161849544925439,0.3680351018228235,3
E2,K_10_ell_2.0,final_Q,0.5160818015763898,0.48037865689829246,0.5482400909526179,3
E2,K_10_ell_2.0,gain_W,0.07064873510030788,0.04283703580624923,0.09468718313652881,3
E2,K_10_ell_2.0,mean_W,0.31108385074617056,0.2924691548247697,0.3338931456514734,3
E2,K_10_ell_2.0,welfare_area,31.07306070706689,29.225496964573843,33.34197097357907,3
E2,K_10_ell_2.0,final_score,0.6568204838609776,0.6430453528544845,0.6796160605347682,3
E2,K_10_ell_2.0,final_reference_score,0.6055034325420149,0.5726643951170258,0.6337019596515052,3
E2,K_10_ell_2.0,final_anchor,0.3,0.3,0.3,3
E2,K_10_ell_2.0,final_separation,0.3,0.3,0.3,3
E2,K_10_ell_2.0,final_rho_E,0.5017298674862273,0.43654198682457435,0.5631516080234698,3
E2,K_10_ell_2.0,accepted_rate,0.43,0.413,0.44,3
E2,K_10_ell_2.0,false_accept_share,0.15373244641537326,0.10598669623059867,0.18181818181818182,3
E2,K_10_ell_2.0,false_reject_rate,0.13,0.112,0.148,3
E2,K_10_ell_2.0,diagnostic_hit_rate,0.29,0.20400000000000001,0.348,3
E2,K_10_ell_2.0,nonconverged_share,0.0,0.0,0.0,3
E2,K_10_ell_2.0,promotion_count,10.0,10.0,10.0,3
E2,K_10_ell_2.0,total_cycles,100.0,100.0,100.0,3
E2,K_10_ell_2.0,max_rejection_plateau,8.333333333333334,6.2,10.7,3
E2,K_10_ell_2.0,score_welfare_correlation,0.6878432548533064,0.5786890380575245,0.7728346487012919,3
E2,K_10_ell_2.0,reversals_adjacent_epoch,16.666666666666668,7.3,24.4,3
E2,K_10_ell_inf,final_W,0.3586053036215442,0.3014887280838514,0.405839596497264,3
E2,K_10_ell_inf,final_Q,0.5451134948802204,0.4889263495652419,0.5976074129109512,3
E2,K_10_ell_inf,gain_W,0.08525738493524948,0.0281408093975567,0.13249167781096924,3
E2,K_10_ell_inf,mean_W,0.3081909769607988,0.2782342216268017,0.34169824879126187,3
E2,K_10_ell_inf,welfare_area,30.77646900361226,27.809351757981393,34.103579040220716,3
E2,K_10_ell_inf,final_score,0.6958473886320524,0.6482980915168298,0.73542597999955,3
E2,K_10_ell_inf,final_reference_score,0.6969924132182347,0.6500828414057588,0.7359790816510081,3
E2,K_10_ell_inf,final_anchor,0.3,0.3,0.3,3
E2,K_10_ell_inf,final_separation,0.3,0.3,0.3,3
E2,K_10_ell_inf,final_rho_E,0.63,0.63,0.63,3
E2,K_10_ell_inf,accepted_rate,0.49,0.447,0.519,3
E2,K_10_ell_inf,false_accept_share,0.19214772155948626,0.1604072398190045,0.22377622377622378,3
E2,K_10_ell_inf,false_reject_rate,0.11666666666666668,0.101,0.137,3
E2,K_10_ell_inf,diagnostic_hit_rate,0.2333333333333333,0.191,0.299,3
E2,K_10_ell_inf,nonconverged_share,0.0,0.0,0.0,3
E2,K_10_ell_inf,promotion_count,10.0,10.0,10.0,3
E2,K_10_ell_inf,total_cycles,100.0,100.0,100.0,3
E2,K_10_ell_inf,max_rejection_plateau,9.0,8.1,9.9,3
E2,K_10_ell_inf,score_welfare_correlation,0.9715609356156643,0.9514984332825946,0.9864579446818914,3
E2,K_10_ell_inf,reversals_adjacent_epoch,23.333333333333332,14.4,29.7,3
E2,K_1_ell_2.0,final_W,0.3561817009255502,0.3201361436317211,0.3967861704059131,3
E2,K_1_ell_2.0,final_Q,0.5256241777959523,0.4856338787942081,0.5800139185776033,3
E2,K_1_ell_2.0,gain_W,0.08283378223925547,0.04678822494542641,0.12343825171961836,3
E2,K_1_ell_2.0,mean_W,0.3194541420168562,0.2974427763906708,0.3554616222217663,3
E2,K_1_ell_2.0,welfare_area,31.903997310565988,29.720883526594367,35.484443096316824,3
E2,K_1_ell_2.0,final_score,0.6894899489686246,0.6637654748237535,0.7256702841864825,3
E2,K_1_ell_2.0,final_reference_score,0.6120394560545931,0.5854318206255551,0.6568861337532697,3
E2,K_1_ell_2.0,final_anchor,0.3,0.3,0.3,3
E2,K_1_ell_2.0,final_separation,0.3,0.3,0.3,3
E2,K_1_ell_2.0,final_rho_E,0.6165094279157314,0.5935754553724747,0.63,3
E2,K_1_ell_2.0,accepted_rate,0.41,0.367,0.439,3
E2,K_1_ell_2.0,false_accept_share,0.19009866102889358,0.10644820295983087,0.2477272727272727,3
E2,K_1_ell_2.0,false_reject_rate,0.13,0.101,0.173,3
E2,K_1_ell_2.0,diagnostic_hit_rate,0.22,0.127,0.33399999999999996,3
E2,K_1_ell_2.0,nonconverged_share,0.0,0.0,0.0,3
E2,K_1_ell_2.0,promotion_count,100.0,100.0,100.0,3
E2,K_1_ell_2.0,total_cycles,100.0,100.0,100.0,3
E2,K_1_ell_2.0,max_rejection_plateau,9.666666666666666,6.4,12.7,3
E2,K_1_ell_2.0,score_welfare_correlation,0.8253723609913948,0.7262232807038018,0.9379696920843781,3
E2,K_1_ell_2.0,reversals_adjacent_epoch,1.6666666666666667,1.1,2.0,3
E2,K_1_ell_inf,final_W,0.3533807482054227,0.3216704541898855,0.3885785834954132,3
E2,K_1_ell_inf,final_Q,0.5291220046758124,0.48939222437909613,0.5761188877082134,3
E2,K_1_ell_inf,gain_W,0.08003282951912795,0.048322535503590794,0.1152306648091185,3
E2,K_1_ell_inf,mean_W,0.3017269653742165,0.28607783780777185,0.32538919454697895,3
E2,K_1_ell_inf,welfare_area,30.132680122662084,28.583622513025386,32.48130412229334,3
E2,K_1_ell_inf,final_score,0.6948743144131284,0.6611648581041336,0.7228711198573767,3
E2,K_1_ell_inf,final_reference_score,0.6959340091771957,0.6626608102448379,0.7237194505525667,3
E2,K_1_ell_inf,final_anchor,0.3,0.3,0.3,3
E2,K_1_ell_inf,final_separation,0.3,0.3,0.3,3
E2,K_1_ell_inf,final_rho_E,0.63,0.63,0.63,3
E2,K_1_ell_inf,accepted_rate,0.4566666666666667,0.381,0.516,3
E2,K_1_ell_inf,false_accept_share,0.15654596904596907,0.13573717948717948,0.18485360360360362,3
E2,K_1_ell_inf,false_reject_rate,0.11666666666666665,0.083,0.155,3
E2,K_1_ell_inf,diagnostic_hit_rate,0.20333333333333337,0.19,0.226,3
E2,K_1_ell_inf,nonconverged_share,0.0,0.0,0.0,3
E2,K_1_ell_inf,promotion_count,100.0,100.0,100.0,3
E2,K_1_ell_inf,total_cycles,100.0,100.0,100.0,3
E2,K_1_ell_inf,max_rejection_plateau,7.0,5.2,8.8,3
E2,K_1_ell_inf,score_welfare_correlation,0.9580457113983917,0.9417249660432911,0.985613848196327,3
E2,K_1_ell_inf,reversals_adjacent_epoch,3.3333333333333335,1.3,4.9,3
E2,K_25_ell_2.0,final_W,0.3623089009470335,0.34403391978080655,0.3768057616284206,3
E2,K_25_ell_2.0,final_Q,0.5346453899885292,0.5164094396404292,0.5488716059783463,3
E2,K_25_ell_2.0,gain_W,0.08896098226073877,0.07068600109451187,0.1034578429421259,3
E2,K_25_ell_2.0,mean_W,0.3158619723630421,0.30498922720310084,0.32609707352092143,3
E2,K_25_ell_2.0,welfare_area,31.541716745173844,30.451238041373717,32.57385882122805,3
E2,K_25_ell_2.0,final_score,0.6431177212717302,0.6257405294301932,0.6584309636059839,3
E2,K_25_ell_2.0,final_reference_score,0.6004045229144933,0.5797830458060308,0.6183947011743017,3
E2,K_25_ell_2.0,final_anchor,0.3,0.3,0.3,3
E2,K_25_ell_2.0,final_separation,0.3,0.3,0.3,3
E2,K_25_ell_2.0,final_rho_E,0.4067830165179007,0.3935062458774149,0.4231458575822434,3
E2,K_25_ell_2.0,accepted_rate,0.4166666666666667,0.393,0.438,3
E2,K_25_ell_2.0,false_accept_share,0.12726162726162726,0.10594405594405594,0.1422077922077922,3
E2,K_25_ell_2.0,false_reject_rate,0.13,0.084,0.183,3
E2,K_25_ell_2.0,diagnostic_hit_rate,0.36000000000000004,0.254,0.515,3
E2,K_25_ell_2.0,nonconverged_share,0.0,0.0,0.0,3
E2,K_25_ell_2.0,promotion_count,4.0,4.0,4.0,3
E2,K_25_ell_2.0,total_cycles,100.0,100.0,100.0,3
E2,K_25_ell_2.0,max_rejection_plateau,9.0,5.3,13.399999999999999,3
E2,K_25_ell_2.0,score_welfare_correlation,0.5393830260296436,0.38632413218541717,0.6670544375864412,3
E2,K_25_ell_2.0,reversals_adjacent_epoch,20.666666666666668,13.8,27.3,3
E2,K_25_ell_inf,final_W,0.3637307770541784,0.32746750042371575,0.38929242499160954,3
E2,K_25_ell_inf,final_Q,0.5404436498111017,0.4961291493236832,0.5739374888451766,3
E2,K_25_ell_inf,gain_W,0.09038285836788362,0.05411958173742102,0.1159445063053148,3
E2,K_25_ell_inf,mean_W,0.30587075968996785,0.2864504066402377,0.3227363680209879,3
E2,K_25_ell_inf,welfare_area,30.54188453981284,28.61798087315506,32.21566454894613,3
E2,K_25_ell_inf,final_score,0.7047289208631667,0.6692741270741172,0.7327802000806372,3
E2,K_25_ell_inf,final_reference_score,0.7060401899542098,0.67107083673831,0.7339128145048686,3
E2,K_25_ell_inf,final_anchor,0.3,0.3,0.3,3
E2,K_25_ell_inf,final_separation,0.3,0.3,0.3,3
E2,K_25_ell_inf,final_rho_E,0.63,0.63,0.63,3
E2,K_25_ell_inf,accepted_rate,0.4566666666666666,0.422,0.503,3
E2,K_25_ell_inf,false_accept_share,0.16569051863169512,0.10086580086580087,0.2131652661064426,3
E2,K_25_ell_inf,false_reject_rate,0.12666666666666668,0.101,0.164,3
E2,K_25_ell_inf,diagnostic_hit_rate,0.26,0.20800000000000002,0.298,3
E2,K_25_ell_inf,nonconverged_share,0.0,0.0,0.0,3
E2,K_25_ell_inf,promotion_count,4.0,4.0,4.0,3
E2,K_25_ell_inf,total_cycles,100.0,100.0,100.0,3
E2,K_25_ell_inf,max_rejection_plateau,8.333333333333334,6.3,9.9,3
E2,K_25_ell_inf,score_welfare_correlation,0.9611098972748439,0.9333112640649122,0.9786981039818231,3
E2,K_25_ell_inf,reversals_adjacent_epoch,26.333333333333332,10.4,38.3,3
E2,K_2_ell_2.0,final_W,0.34903849276764953,0.29077688914332867,0.3999286022069729,3
E2,K_2_ell_2.0,final_Q,0.5190699862259486,0.45298142672411534,0.5772665633705145,3
E2,K_2_ell_2.0,gain_W,0.07569057408135486,0.017428970457033944,0.12658068352067822,3
E2,K_2_ell_2.0,mean_W,0.31231097034076877,0.2786471485112634,0.35511055336501995,3
E2,K_2_ell_2.0,welfare_area,31.1932517470362,27.856000365897817,35.447764994741654,3
E2,K_2_ell_2.0,final_score,0.6840020111132786,0.6405129771877603,0.7244468689794431,3
E2,K_2_ell_2.0,final_reference_score,0.617918503562161,0.5724850789798731,0.6737590086185624,3
E2,K_2_ell_2.0,final_anchor,0.3,0.3,0.3,3
E2,K_2_ell_2.0,final_separation,0.3,0.3,0.3,3
E2,K_2_ell_2.0,final_rho_E,0.5981083650887541,0.5438925857396362,0.63,3
E2,K_2_ell_2.0,accepted_rate,0.39999999999999997,0.374,0.419,3
E2,K_2_ell_2.0,false_accept_share,0.15536616756128951,0.0900461437046803,0.20993031358885017,3
E2,K_2_ell_2.0,false_reject_rate,0.10333333333333333,0.083,0.119,3
E2,K_2_ell_2.0,diagnostic_hit_rate,0.21333333333333335,0.14700000000000002,0.282,3
E2,K_2_ell_2.0,nonconverged_share,0.0,0.0,0.0,3
E2,K_2_ell_2.0,promotion_count,50.0,50.0,50.0,3
E2,K_2_ell_2.0,total_cycles,100.0,100.0,100.0,3
E2,K_2_ell_2.0,max_rejection_plateau,9.0,8.1,9.9,3
E2,K_2_ell_2.0,score_welfare_correlation,0.6568931325832922,0.18831509127370522,0.9607967578330447,3
E2,K_2_ell_2.0,reversals_adjacent_epoch,4.0,1.2,7.5,3
E2,K_2_ell_inf,final_W,0.3633236467727599,0.32555986053942987,0.41107438261764156,3
E2,K_2_ell_inf,final_Q,0.5577744557657042,0.5195488081855022,0.6032655013093439,3
E2,K_2_ell_inf,gain_W,0.08997572808646526,0.05221194185313514,0.13772646393134685,3
E2,K_2_ell_inf,mean_W,0.3092771613499052,0.2873664992028557,0.3451360841310895,3
E2,K_2_ell_inf,welfare_area,30.882728270947286,28.710543949359003,34.444745181143276,3
E2,K_2_ell_inf,final_score,0.6853119079890901,0.649244005246201,0.7332777487886252,3
E2,K_2_ell_inf,final_reference_score,0.6866713733033191,0.6510155304564517,0.7340363061635403,3
E2,K_2_ell_inf,final_anchor,0.3,0.3,0.3,3
E2,K_2_ell_inf,final_separation,0.3,0.3,0.3,3
E2,K_2_ell_inf,final_rho_E,0.63,0.63,0.63,3
E2,K_2_ell_inf,accepted_rate,0.4766666666666666,0.461,0.497,3
E2,K_2_ell_inf,false_accept_share,0.1476164045636756,0.12289361702127659,0.17141535615171138,3
E2,K_2_ell_inf,false_reject_rate,0.10666666666666665,0.092,0.119,3
E2,K_2_ell_inf,diagnostic_hit_rate,0.19666666666666668,0.162,0.243,3
E2,K_2_ell_inf,nonconverged_share,0.0,0.0,0.0,3
E2,K_2_ell_inf,promotion_count,50.0,50.0,50.0,3
E2,K_2_ell_inf,total_cycles,100.0,100.0,100.0,3
E2,K_2_ell_inf,max_rejection_plateau,8.333333333333334,8.0,8.9,3
E2,K_2_ell_inf,score_welfare_correlation,0.9162153434355801,0.7853453205090379,0.9939990275983961,3
E2,K_2_ell_inf,reversals_adjacent_epoch,5.333333333333333,3.3,6.9,3
E2,K_5_ell_2.0,final_W,0.3557323970901132,0.30861102767279625,0.40493903984932633,3
E2,K_5_ell_2.0,final_Q,0.5291500661511415,0.4902825042720961,0.5816355927855474,3
E2,K_5_ell_2.0,gain_W,0.08238447840381845,0.035263108986501514,0.13159112116303162,3
E2,K_5_ell_2.0,mean_W,0.3119841775004915,0.28400629753844414,0.34872634384833984,3
E2,K_5_ell_2.0,welfare_area,31.157225510847244,28.38299819935117,34.806838824252466,3
E2,K_5_ell_2.0,final_score,0.6781920908640701,0.6521671313699372,0.7059718861208585,3
E2,K_5_ell_2.0,final_reference_score,0.6196450707520564,0.5821471582713569,0.661367438040962,3
E2,K_5_ell_2.0,final_anchor,0.3,0.3,0.3,3
E2,K_5_ell_2.0,final_separation,0.3,0.3,0.3,3
E2,K_5_ell_2.0,final_rho_E,0.5567846335051801,0.45730885181753267,0.6268762073308067,3
E2,K_5_ell_2.0,accepted_rate,0.4000000000000001,0.381,0.426,3
E2,K_5_ell_2.0,false_accept_share,0.13151617863980167,0.08238866396761134,0.18059975520195837,3
E2,K_5_ell_2.0,false_reject_rate,0.1366666666666667,0.08600000000000001,0.185,3
E2,K_5_ell_2.0,diagnostic_hit_rate,0.24333333333333332,0.15300000000000002,0.315,3
E2,K_5_ell_2.0,nonconverged_share,0.0,0.0,0.0,3
E2,K_5_ell_2.0,promotion_count,20.0,20.0,20.0,3
E2,K_5_ell_2.0,total_cycles,100.0,100.0,100.0,3
E2,K_5_ell_2.0,max_rejection_plateau,10.333333333333334,8.2,12.7,3
E2,K_5_ell_2.0,score_welfare_correlation,0.7969409317176899,0.7087558262151945,0.9259831527439814,3
E2,K_5_ell_2.0,reversals_adjacent_epoch,10.666666666666666,4.0,22.0,3
E2,K_5_ell_inf,final_W,0.3375040074696241,0.33313538430354694,0.3413158127275528,3
E2,K_5_ell_inf,final_Q,0.5114194863871688,0.5056082424764474,0.5193402325684989,3
E2,K_5_ell_inf,gain_W,0.06415608878332944,0.059787465617252206,0.06796789404125805,3
E2,K_5_ell_inf,mean_W,0.2953734922065387,0.28923196020154984,0.3049892810944328,3
E2,K_5_ell_inf,welfare_area,29.505271176262198,28.891007141870553,30.465231055607127,3
E2,K_5_ell_inf,final_score,0.6810267203150989,0.6721620963324899,0.6873000150359689,3
E2,K_5_ell_inf,final_reference_score,0.682567105917574,0.6736911739097635,0.6886084216653784,3
E2,K_5_ell_inf,final_anchor,0.3,0.3,0.3,3
E2,K_5_ell_inf,final_separation,0.3,0.3,0.3,3
E2,K_5_ell_inf,final_rho_E,0.63,0.63,0.63,3
E2,K_5_ell_inf,accepted_rate,0.4766666666666666,0.451,0.514,3
E2,K_5_ell_inf,false_accept_share,0.2052273008794748,0.16020066889632106,0.2417391304347826,3
E2,K_5_ell_inf,false_reject_rate,0.13,0.10200000000000001,0.165,3
E2,K_5_ell_inf,diagnostic_hit_rate,0.22666666666666668,0.185,0.266,3
E2,K_5_ell_inf,nonconverged_share,0.0,0.0,0.0,3
E2,K_5_ell_inf,promotion_count,20.0,20.0,20.0,3
E2,K_5_ell_inf,total_cycles,100.0,100.0,100.0,3
E2,K_5_ell_inf,max_rejection_plateau,9.0,8.1,9.9,3
E2,K_5_ell_inf,score_welfare_correlation,0.9649375183340082,0.9487461287006156,0.9771404897767794,3
E2,K_5_ell_inf,reversals_adjacent_epoch,10.333333333333334,5.7,13.8,3
E2,K_None_ell_2.0,final_W,0.3754272437056037,0.3374805727106267,0.400861749350187,3
E2,K_None_ell_2.0,final_Q,0.5528347166421081,0.5121022101305828,0.5785844416487176,3
E2,K_None_ell_2.0,gain_W,0.10207932501930901,0.06413265402433199,0.12751383066389227,3
E2,K_None_ell_2.0,mean_W,0.32050202544397793,0.30041172865508114,0.33753968927049427,3
E2,K_None_ell_2.0,welfare_area,31.99916288188814,30.00910653849595,33.69021201171748,3
E2,K_None_ell_2.0,final_score,0.6342034273588687,0.6001164939935069,0.657606315853883,3
E2,K_None_ell_2.0,final_reference_score,0.6342034273588687,0.6001164939935069,0.657606315853883,3
E2,K_None_ell_2.0,final_anchor,0.3,0.3,0.3,3
E2,K_None_ell_2.0,final_separation,0.3,0.3,0.3,3
E2,K_None_ell_2.0,final_rho_E,0.1448925980953093,0.09428805014159877,0.22247157940974266,3
E2,K_None_ell_2.0,accepted_rate,0.45,0.412,0.502,3
E2,K_None_ell_2.0,false_accept_share,0.1630020130570663,0.10136798905608756,0.2152080344332855,3
E2,K_None_ell_2.0,false_reject_rate,0.11333333333333334,0.08,0.16999999999999998,3
E2,K_None_ell_2.0,diagnostic_hit_rate,0.32333333333333336,0.275,0.374,3
E2,K_None_ell_2.0,nonconverged_share,0.0,0.0,0.0,3
E2,K_None_ell_2.0,promotion_count,0.0,0.0,0.0,3
E2,K_None_ell_2.0,total_cycles,100.0,100.0,100.0,3
E2,K_None_ell_2.0,max_rejection_plateau,6.333333333333333,5.1,7.8,3
E2,K_None_ell_2.0,score_welfare_correlation,-0.49760306909857815,-0.8430975384311244,-0.18504366888507132,3
E2,K_None_ell_2.0,reversals_adjacent_epoch,0.0,0.0,0.0,3
E2,K_None_ell_inf,final_W,0.3528521666839432,0.32704688300128865,0.3754472361178528,3
E2,K_None_ell_inf,final_Q,0.5311239850791835,0.5019398826818735,0.5500046361577471,3
E2,K_None_ell_inf,gain_W,0.07950424799764848,0.05369896431499394,0.1020993174315581,3
E2,K_None_ell_inf,mean_W,0.30870596281541823,0.29607525701087717,0.3228069801318603,3
E2,K_None_ell_inf,welfare_area,30.830844157542998,29.57967571620363,32.23765237628295,3
E2,K_None_ell_inf,final_score,0.6960932936559003,0.6725670970503401,0.7116635308312125,3
E2,K_None_ell_inf,final_reference_score,0.6960932936559003,0.6725670970503401,0.7116635308312125,3
E2,K_None_ell_inf,final_anchor,0.3,0.3,0.3,3
E2,K_None_ell_inf,final_separation,0.3,0.3,0.3,3
E2,K_None_ell_inf,final_rho_E,0.63,0.63,0.63,3
E2,K_None_ell_inf,accepted_rate,0.45333333333333337,0.395,0.521,3
E2,K_None_ell_inf,false_accept_share,0.16849188547301752,0.15544267053701016,0.18061749571183533,3
E2,K_None_ell_inf,false_reject_rate,0.14,0.097,0.169,3
E2,K_None_ell_inf,diagnostic_hit_rate,0.2733333333333334,0.24,0.33,3
E2,K_None_ell_inf,nonconverged_share,0.0,0.0,0.0,3
E2,K_None_ell_inf,promotion_count,0.0,0.0,0.0,3
E2,K_None_ell_inf,total_cycles,100.0,100.0,100.0,3
E2,K_None_ell_inf,max_rejection_plateau,7.0,6.0,8.7,3
E2,K_None_ell_inf,score_welfare_correlation,0.985296647381273,0.9762740598376717,0.9926226168426759,3
E2,K_None_ell_inf,reversals_adjacent_epoch,0.0,0.0,0.0,3
E2,external_ell_2.0,final_W,0.3732283440051189,0.31894901457171937,0.4183710475582499,3
E2,external_ell_2.0,final_Q,0.5523566334708262,0.49092636229547054,0.5999347376514,3
E2,external_ell_2.0,gain_W,0.09988042531882414,0.04560109588542467,0.14502312887195518,3
E2,external_ell_2.0,mean_W,0.32029504917469215,0.2995240460339639,0.339089781833112,3
E2,external_ell_2.0,welfare_area,31.9795647048098,29.929604055453677,33.836466618875214,3
E2,external_ell_2.0,final_score,0.5968240293165157,0.5655706849045712,0.6231352636651252,3
E2,external_ell_2.0,final_reference_score,0.5968240293165157,0.5655706849045712,0.6231352636651252,3
E2,external_ell_2.0,final_anchor,0.3,0.3,0.3,3
E2,external_ell_2.0,final_separation,0.3,0.3,0.3,3
E2,external_ell_2.0,final_rho_E,0.16260468921961893,0.13516044589416637,0.19092449742175824,3
E2,external_ell_2.0,accepted_rate,0.4166666666666667,0.393,0.438,3
E2,external_ell_2.0,false_accept_share,0.11455211455211456,0.051948051948051945,0.1937062937062937,3
E2,external_ell_2.0,false_reject_rate,0.10666666666666667,0.056,0.155,3
E2,external_ell_2.0,diagnostic_hit_rate,0.24,0.107,0.359,3
E2,external_ell_2.0,nonconverged_share,0.0,0.0,0.0,3
E2,external_ell_2.0,promotion_count,0.0,0.0,0.0,3
E2,external_ell_2.0,total_cycles,100.0,100.0,100.0,3
E2,external_ell_2.0,max_rejection_plateau,7.0,6.1,7.9,3
E2,external_ell_2.0,score_welfare_correlation,0.9769540265512228,0.9715897966393638,0.9839818032659771,3
E2,external_ell_2.0,reversals_adjacent_epoch,7.333333333333333,7.0,7.9,3
E2,external_ell_inf,final_W,0.3957272449953441,0.358886402230965,0.42256046982703144,3
E2,external_ell_inf,final_Q,0.5779066633093515,0.5242254722447138,0.6132820303348593,3
E2,external_ell_inf,gain_W,0.12237932630904937,0.08553848354467031,0.14921255114073673,3
E2,external_ell_inf,mean_W,0.3311413752471161,0.3066150446970296,0.3602650704901793,3
E2,external_ell_inf,welfare_area,33.05294786155709,30.618735227930625,35.951900773447555,3
E2,external_ell_inf,final_score,0.7041126517701811,0.6737039329793832,0.7288577836277902,3
E2,external_ell_inf,final_reference_score,0.7041126517701811,0.6737039329793832,0.7288577836277902,3
E2,external_ell_inf,final_anchor,0.3,0.3,0.3,3
E2,external_ell_inf,final_separation,0.3,0.3,0.3,3
E2,external_ell_inf,final_rho_E,0.63,0.63,0.63,3
E2,external_ell_inf,accepted_rate,0.49333333333333335,0.454,0.535,3
E2,external_ell_inf,false_accept_share,0.1439153439153439,0.11428571428571428,0.1742857142857143,3
E2,external_ell_inf,false_reject_rate,0.09333333333333334,0.043000000000000003,0.16,3
E2,external_ell_inf,diagnostic_hit_rate,0.27666666666666667,0.22,0.373,3
E2,external_ell_inf,nonconverged_share,0.0,0.0,0.0,3
E2,external_ell_inf,promotion_count,0.0,0.0,0.0,3
E2,external_ell_inf,total_cycles,100.0,100.0,100.0,3
E2,external_ell_inf,max_rejection_plateau,6.333333333333333,4.2,8.7,3
E2,external_ell_inf,score_welfare_correlation,0.9850645746946477,0.980405961763173,0.9900463735188212,3
E2,external_ell_inf,reversals_adjacent_epoch,10.0,7.1,14.299999999999999,3
E3,weak_C_K1_external,final_W,0.4028930747575108,0.3869886342918912,0.41247987677556797,3
E3,weak_C_K1_external,final_Q,0.5868228176227445,0.5638716519444058,0.6058580495915521,3
E3,weak_C_K1_external,gain_W,0.1295451560712161,0.11364071560559647,0.13913195808927328,3
E3,weak_C_K1_external,mean_W,0.3275368868792899,0.3209157980490193,0.3321714002940829,3
E3,weak_C_K1_external,welfare_area,32.68891610989338,32.02339880575995,33.14923983238421,3
E3,weak_C_K1_external,final_score,0.6149954173392876,0.5928080735676596,0.6381033022348992,3
E3,weak_C_K1_external,final_reference_score,0.6149954173392876,0.5928080735676596,0.6381033022348992,3
E3,weak_C_K1_external,final_anchor,0.3,0.3,0.3,3
E3,weak_C_K1_external,final_separation,0.3,0.3,0.3,3
E3,weak_C_K1_external,final_rho_E,0.11297465978126303,0.04474129187617121,0.1723135044090697,3
E3,weak_C_K1_external,accepted_rate,0.47333333333333333,0.452,0.497,3
E3,weak_C_K1_external,false_accept_share,0.12022064617809299,0.08859574468085106,0.152,3
E3,weak_C_K1_external,false_reject_rate,0.10666666666666667,0.07400000000000001,0.137,3
E3,weak_C_K1_external,diagnostic_hit_rate,0.24,0.17700000000000002,0.303,3
E3,weak_C_K1_external,nonconverged_share,0.0,0.0,0.0,3
E3,weak_C_K1_external,promotion_count,0.0,0.0,0.0,3
E3,weak_C_K1_external,total_cycles,100.0,100.0,100.0,3
E3,weak_C_K1_external,max_rejection_plateau,8.333333333333334,8.0,8.9,3
E3,weak_C_K1_external,score_welfare_correlation,0.979818055067923,0.9703392381320397,0.9862341552057822,3
E3,weak_C_K1_external,reversals_adjacent_epoch,2.6666666666666665,1.2,3.9,3
E3,weak_C_K1_oracle,final_W,0.38154063222492846,0.37745458422395817,0.3877729990336705,3
E3,weak_C_K1_oracle,final_Q,0.555024254701805,0.5516701877646712,0.5585806057629831,3
E3,weak_C_K1_oracle,gain_W,0.10819271353863379,0.10410666553766346,0.1144250803473758,3
E3,weak_C_K1_oracle,mean_W,0.3208861876260421,0.3140541560319249,0.33007861090926105,3
E3,weak_C_K1_oracle,welfare_area,32.0345224058349,31.35336227042366,32.95064855075242,3
E3,weak_C_K1_oracle,final_score,0.7362605601956802,0.7318828356587752,0.739571037587274,3
E3,weak_C_K1_oracle,final_reference_score,0.6969160280569363,0.693322381279361,0.7004320159142338,3
E3,weak_C_K1_oracle,final_anchor,0.3,0.3,0.3,3
E3,weak_C_K1_oracle,final_separation,0.3,0.3,0.3,3
E3,weak_C_K1_oracle,final_rho_E,0.6094854172487421,0.5746106265716036,0.63,3
E3,weak_C_K1_oracle,accepted_rate,0.3933333333333333,0.356,0.419,3
E3,weak_C_K1_oracle,false_accept_share,0.1535423925667828,0.143205574912892,0.1689198606271777,3
E3,weak_C_K1_oracle,false_reject_rate,0.18000000000000002,0.137,0.209,3
E3,weak_C_K1_oracle,diagnostic_hit_rate,1.0,1.0,1.0,3
E3,weak_C_K1_oracle,nonconverged_share,0.0,0.0,0.0,3
E3,weak_C_K1_oracle,promotion_count,100.0,100.0,100.0,3
E3,weak_C_K1_oracle,total_cycles,100.0,100.0,100.0,3
E3,weak_C_K1_oracle,max_rejection_plateau,8.0,6.1,10.6,3
E3,weak_C_K1_oracle,score_welfare_correlation,0.9537217135004856,0.9432136518420238,0.9657165534475948,3
E3,weak_C_K1_oracle,reversals_adjacent_epoch,4.0,2.2,5.8,3
E3,weak_C_K1_self,final_W,0.32544047706652585,0.3027160451488077,0.34736942733854903,3
E3,weak_C_K1_self,final_Q,0.4957305614856091,0.47063418445032235,0.5168335790995862,3
E3,weak_C_K1_self,gain_W,0.0520925583802311,0.029368126462512995,0.0740215086522543,3
E3,weak_C_K1_self,mean_W,0.30207891934190956,0.2978941092389104,0.3050554272980706,3
E3,weak_C_K1_self,welfare_area,30.181845655000842,29.77472686065978,30.468531975480932,3
E3,weak_C_K1_self,final_score,0.7053516455158259,0.6820860369737354,0.7265013667490504,3
E3,weak_C_K1_self,final_reference_score,0.647182706411421,0.6075293015144264,0.6839247714136131,3
E3,weak_C_K1_self,final_anchor,0.3,0.3,0.3,3
E3,weak_C_K1_self,final_separation,0.3,0.3,0.3,3
E3,weak_C_K1_self,final_rho_E,0.63,0.63,0.63,3
E3,weak_C_K1_self,accepted_rate,0.42,0.393,0.447,3
E3,weak_C_K1_self,false_accept_share,0.19458689458689457,0.13205128205128203,0.2766666666666666,3
E3,weak_C_K1_self,false_reject_rate,0.11666666666666665,0.093,0.138,3
E3,weak_C_K1_self,diagnostic_hit_rate,0.19333333333333336,0.14200000000000002,0.268,3
E3,weak_C_K1_self,nonconverged_share,0.0,0.0,0.0,3
E3,weak_C_K1_self,promotion_count,100.0,100.0,100.0,3
E3,weak_C_K1_self,total_cycles,100.0,100.0,100.0,3
E3,weak_C_K1_self,max_rejection_plateau,7.666666666666667,6.0,10.5,3
E3,weak_C_K1_self,score_welfare_correlation,0.7927851601512117,0.5387893675799355,0.964878209270509,3
E3,weak_C_K1_self,reversals_adjacent_epoch,1.3333333333333333,0.1,2.8,3
E3,weak_C_K5_external,final_W,0.4028930747575108,0.3869886342918912,0.41247987677556797,3
E3,weak_C_K5_external,final_Q,0.5868228176227445,0.5638716519444058,0.6058580495915521,3
E3,weak_C_K5_external,gain_W,0.1295451560712161,0.11364071560559647,0.13913195808927328,3
E3,weak_C_K5_external,mean_W,0.3275368868792899,0.3209157980490193,0.3321714002940829,3
E3,weak_C_K5_external,welfare_area,32.68891610989338,32.02339880575995,33.14923983238421,3
E3,weak_C_K5_external,final_score,0.6149954173392876,0.5928080735676596,0.6381033022348992,3
E3,weak_C_K5_external,final_reference_score,0.6149954173392876,0.5928080735676596,0.6381033022348992,3
E3,weak_C_K5_external,final_anchor,0.3,0.3,0.3,3
E3,weak_C_K5_external,final_separation,0.3,0.3,0.3,3
E3,weak_C_K5_external,final_rho_E,0.11297465978126303,0.04474129187617121,0.1723135044090697,3
E3,weak_C_K5_external,accepted_rate,0.47333333333333333,0.452,0.497,3
E3,weak_C_K5_external,false_accept_share,0.12022064617809299,0.08859574468085106,0.152,3
E3,weak_C_K5_external,false_reject_rate,0.10666666666666667,0.07400000000000001,0.137,3
E3,weak_C_K5_external,diagnostic_hit_rate,0.24,0.17700000000000002,0.303,3
E3,weak_C_K5_external,nonconverged_share,0.0,0.0,0.0,3
E3,weak_C_K5_external,promotion_count,0.0,0.0,0.0,3
E3,weak_C_K5_external,total_cycles,100.0,100.0,100.0,3
E3,weak_C_K5_external,max_rejection_plateau,8.333333333333334,8.0,8.9,3
E3,weak_C_K5_external,score_welfare_correlation,0.979818055067923,0.9703392381320397,0.9862341552057822,3
E3,weak_C_K5_external,reversals_adjacent_epoch,6.0,5.1,6.9,3
E3,weak_C_K5_oracle,final_W,0.40904137309659383,0.3578975669399715,0.44784798645759455,3
E3,weak_C_K5_oracle,final_Q,0.592833525789267,0.5308152255587563,0.643948054958192,3
E3,weak_C_K5_oracle,gain_W,0.1356934544102991,0.08454964825367677,0.17450006777129987,3
E3,weak_C_K5_oracle,mean_W,0.3485066479630898,0.31704585383333883,0.36921721138789587,3
E3,weak_C_K5_oracle,welfare_area,34.78281806910383,31.662310559207047,36.83447110490395,3
E3,weak_C_K5_oracle,final_score,0.7462973691614575,0.729847052057223,0.7581992043364666,3
E3,weak_C_K5_oracle,final_reference_score,0.7169598101982754,0.6895683845853652,0.741721818255996,3
E3,weak_C_K5_oracle,final_anchor,0.3,0.3,0.3,3
E3,weak_C_K5_oracle,final_separation,0.3,0.3,0.3,3
E3,weak_C_K5_oracle,final_rho_E,0.5158374524278307,0.38275609286964446,0.6223756285856873,3
E3,weak_C_K5_oracle,accepted_rate,0.4166666666666667,0.374,0.46399999999999997,3
E3,weak_C_K5_oracle,false_accept_share,0.10681309228273421,0.07436429683445771,0.15445658424381828,3
E3,weak_C_K5_oracle,false_reject_rate,0.10666666666666667,0.101,0.11,3
E3,weak_C_K5_oracle,diagnostic_hit_rate,1.0,1.0,1.0,3
E3,weak_C_K5_oracle,nonconverged_share,0.0,0.0,0.0,3
E3,weak_C_K5_oracle,promotion_count,20.0,20.0,20.0,3
E3,weak_C_K5_oracle,total_cycles,100.0,100.0,100.0,3
E3,weak_C_K5_oracle,max_rejection_plateau,6.333333333333333,6.0,6.9,3
E3,weak_C_K5_oracle,score_welfare_correlation,0.9611155424053074,0.9326319593091925,0.9788092065686378,3
E3,weak_C_K5_oracle,reversals_adjacent_epoch,6.0,6.0,6.0,3
E3,weak_C_K5_self,final_W,0.3332717656876178,0.2870111964245538,0.3751745260887859,3
E3,weak_C_K5_self,final_Q,0.5068104884863884,0.45460246197959475,0.5531121471516623,3
E3,weak_C_K5_self,gain_W,0.05992384700132306,0.013663277738259094,0.10182660740249114,3
E3,weak_C_K5_self,mean_W,0.29858196993925606,0.28495432889329636,0.31493509094761646,3
E3,weak_C_K5_self,welfare_area,29.82823507042495,28.488601250460505,31.442595791060402,3
E3,weak_C_K5_self,final_score,0.7012703087130593,0.675905922008949,0.7164133264609451,3
E3,weak_C_K5_self,final_reference_score,0.6570746228595831,0.6303748079011094,0.681146005820768,3
E3,weak_C_K5_self,final_anchor,0.3,0.3,0.3,3
E3,weak_C_K5_self,final_separation,0.3,0.3,0.3,3
E3,weak_C_K5_self,final_rho_E,0.5856347155118394,0.5546809345521316,0.6244415996662294,3
E3,weak_C_K5_self,accepted_rate,0.46,0.397,0.523,3
E3,weak_C_K5_self,false_accept_share,0.1790489612474846,0.13236574746008706,0.23219852337981953,3
E3,weak_C_K5_self,false_reject_rate,0.14333333333333334,0.083,0.22699999999999998,3
E3,weak_C_K5_self,diagnostic_hit_rate,0.29,0.21100000000000002,0.355,3
E3,weak_C_K5_self,nonconverged_share,0.0,0.0,0.0,3
E3,weak_C_K5_self,promotion_count,20.0,20.0,20.0,3
E3,weak_C_K5_self,total_cycles,100.0,100.0,100.0,3
E3,weak_C_K5_self,max_rejection_plateau,6.666666666666667,6.0,7.8,3
E3,weak_C_K5_self,score_welfare_correlation,0.555642859886959,-0.0477668540390489,0.9247729468117074,3
E3,weak_C_K5_self,reversals_adjacent_epoch,10.666666666666666,5.6,15.5,3
E3,weak_G_K1_external,final_W,0.3619901065723374,0.3391656585424282,0.384054301305287,3
E3,weak_G_K1_external,final_Q,0.5506986477311715,0.5305745094382297,0.575465578301323,3
E3,weak_G_K1_external,gain_W,0.1302908037625183,0.1074663557326092,0.152354998495468,3
E3,weak_G_K1_external,mean_W,0.295876904780628,0.276172316719554,0.3159516514124881,3
E3,weak_G_K1_external,welfare_area,29.52254507618154,27.563498494089103,31.518987642001072,3
E3,weak_G_K1_external,final_score,0.5734026903297192,0.4841956263329359,0.6513341231762405,3
E3,weak_G_K1_external,final_reference_score,0.5734026903297192,0.4841956263329359,0.6513341231762405,3
E3,weak_G_K1_external,final_anchor,0.3,0.3,0.3,3
E3,weak_G_K1_external,final_separation,0.3,0.3,0.3,3
E3,weak_G_K1_external,final_rho_E,0.13061798916263367,0.047256519581970476,0.24086874337387115,3
E3,weak_G_K1_external,accepted_rate,0.4166666666666667,0.375,0.456,3
E3,weak_G_K1_external,false_accept_share,0.1614067483632701,0.14378881987577638,0.1854876615746181,3
E3,weak_G_K1_external,false_reject_rate,0.09333333333333334,0.052000000000000005,0.151,3
E3,weak_G_K1_external,diagnostic_hit_rate,0.28,0.228,0.318,3
E3,weak_G_K1_external,nonconverged_share,0.0,0.0,0.0,3
E3,weak_G_K1_external,promotion_count,0.0,0.0,0.0,3
E3,weak_G_K1_external,total_cycles,100.0,100.0,100.0,3
E3,weak_G_K1_external,max_rejection_plateau,9.333333333333334,6.2,13.399999999999999,3
E3,weak_G_K1_external,score_welfare_correlation,0.8898013271784051,0.7327854776362733,0.9835927763209508,3
E3,weak_G_K1_external,reversals_adjacent_epoch,1.3333333333333333,0.2,2.0,3
E3,weak_G_K1_oracle,final_W,0.3518775035971924,0.34058977115629463,0.3702711133634693,3
E3,weak_G_K1_oracle,final_Q,0.529817916395851,0.5161545562964078,0.5502369854590321,3
E3,weak_G_K1_oracle,gain_W,0.12017820078737336,0.10889046834647559,0.13857181055365028,3
E3,weak_G_K1_oracle,mean_W,0.28438090657108495,0.2596841592126547,0.309279810953302,3
E3,weak_G_K1_oracle,welfare_area,28.37800155671481,25.913465585261598,30.858758327782205,3
E3,weak_G_K1_oracle,final_score,0.703276191621518,0.6925235426974353,0.7170149865439122,3
E3,weak_G_K1_oracle,final_reference_score,0.6302384948535256,0.618601896680856,0.6480748982896729,3
E3,weak_G_K1_oracle,final_anchor,0.3,0.3,0.3,3
E3,weak_G_K1_oracle,final_separation,0.3,0.3,0.3,3
E3,weak_G_K1_oracle,final_rho_E,0.63,0.63,0.63,3
E3,weak_G_K1_oracle,accepted_rate,0.4466666666666666,0.389,0.488,3
E3,weak_G_K1_oracle,false_accept_share,0.11677750607521843,0.08329752953813103,0.14628745115067301,3
E3,weak_G_K1_oracle,false_reject_rate,0.14,0.121,0.166,3
E3,weak_G_K1_oracle,diagnostic_hit_rate,1.0,1.0,1.0,3
E3,weak_G_K1_oracle,nonconverged_share,0.0,0.0,0.0,3
E3,weak_G_K1_oracle,promotion_count,100.0,100.0,100.0,3
E3,weak_G_K1_oracle,total_cycles,100.0,100.0,100.0,3
E3,weak_G_K1_oracle,max_rejection_plateau,7.666666666666667,7.1,8.0,3
E3,weak_G_K1_oracle,score_welfare_correlation,0.9740368306412513,0.967915986841695,0.9827006365261477,3
E3,weak_G_K1_oracle,reversals_adjacent_epoch,4.666666666666667,2.3,6.8,3
E3,weak_G_K1_self,final_W,0.2591208515875453,0.20994216862624834,0.29228036384806333,3
E3,weak_G_K1_self,final_Q,0.43775990819409943,0.37002969242681494,0.4839829896608672,3
E3,weak_G_K1_self,gain_W,0.027421548777726262,-0.021757134183570663,0.060581061038244295,3
E3,weak_G_K1_self,mean_W,0.25043017923771,0.2178904330966393,0.27235672332652705,3
E3,weak_G_K1_self,welfare_area,25.029307149382145,21.799921876755718,27.20538180213358,3
E3,weak_G_K1_self,final_score,0.6045599971015267,0.5885678753561129,0.6149156773025916,3
E3,weak_G_K1_self,final_reference_score,0.5269459353038608,0.5146796539851269,0.5357186584290565,3
E3,weak_G_K1_self,final_anchor,0.3,0.3,0.3,3
E3,weak_G_K1_self,final_separation,0.3,0.3,0.3,3
E3,weak_G_K1_self,final_rho_E,0.6159534091498989,0.5920742047047269,0.63,3
E3,weak_G_K1_self,accepted_rate,0.4066666666666667,0.383,0.428,3
E3,weak_G_K1_self,false_accept_share,0.18921594968703662,0.14400244798041614,0.23793324775353014,3
E3,weak_G_K1_self,false_reject_rate,0.16333333333333333,0.133,0.196,3
E3,weak_G_K1_self,diagnostic_hit_rate,0.13333333333333333,0.094,0.175,3
E3,weak_G_K1_self,nonconverged_share,0.0,0.0,0.0,3
E3,weak_G_K1_self,promotion_count,100.0,100.0,100.0,3
E3,weak_G_K1_self,total_cycles,100.0,100.0,100.0,3
E3,weak_G_K1_self,max_rejection_plateau,7.333333333333333,6.1,8.8,3
E3,weak_G_K1_self,score_welfare_correlation,0.7861654944040358,0.7759292540819288,0.7981956279427362,3
E3,weak_G_K1_self,reversals_adjacent_epoch,1.0,0.1,1.9,3
E3,weak_G_K5_external,final_W,0.3619901065723374,0.3391656585424282,0.384054301305287,3
E3,weak_G_K5_external,final_Q,0.5506986477311715,0.5305745094382297,0.575465578301323,3
E3,weak_G_K5_external,gain_W,0.1302908037625183,0.1074663557326092,0.152354998495468,3
E3,weak_G_K5_external,mean_W,0.295876904780628,0.276172316719554,0.3159516514124881,3
E3,weak_G_K5_external,welfare_area,29.52254507618154,27.563498494089103,31.518987642001072,3
E3,weak_G_K5_external,final_score,0.5734026903297192,0.4841956263329359,0.6513341231762405,3
E3,weak_G_K5_external,final_reference_score,0.5734026903297192,0.4841956263329359,0.6513341231762405,3
E3,weak_G_K5_external,final_anchor,0.3,0.3,0.3,3
E3,weak_G_K5_external,final_separation,0.3,0.3,0.3,3
E3,weak_G_K5_external,final_rho_E,0.13061798916263367,0.047256519581970476,0.24086874337387115,3
E3,weak_G_K5_external,accepted_rate,0.4166666666666667,0.375,0.456,3
E3,weak_G_K5_external,false_accept_share,0.1614067483632701,0.14378881987577638,0.1854876615746181,3
E3,weak_G_K5_external,false_reject_rate,0.09333333333333334,0.052000000000000005,0.151,3
E3,weak_G_K5_external,diagnostic_hit_rate,0.28,0.228,0.318,3
E3,weak_G_K5_external,nonconverged_share,0.0,0.0,0.0,3
E3,weak_G_K5_external,promotion_count,0.0,0.0,0.0,3
E3,weak_G_K5_external,total_cycles,100.0,100.0,100.0,3
E3,weak_G_K5_external,max_rejection_plateau,9.333333333333334,6.2,13.399999999999999,3
E3,weak_G_K5_external,score_welfare_correlation,0.8898013271784051,0.7327854776362733,0.9835927763209508,3
E3,weak_G_K5_external,reversals_adjacent_epoch,10.333333333333334,8.0,14.299999999999999,3
E3,weak_G_K5_oracle,final_W,0.35479957678943874,0.31383032527371396,0.40073903670446365,3
E3,weak_G_K5_oracle,final_Q,0.5330277127072152,0.4826565055024326,0.5933606881454944,3
E3,weak_G_K5_oracle,gain_W,0.12310027397961976,0.08213102246389495,0.16903973389464466,3
E3,weak_G_K5_oracle,mean_W,0.28569714489685843,0.2542225008611994,0.31944870920066204,3
E3,weak_G_K5_oracle,welfare_area,28.50816435269603,25.381184574887996,31.860351053118876,3
E3,weak_G_K5_oracle,final_score,0.6903398732443943,0.6653402402226506,0.7222861286350422,3
E3,weak_G_K5_oracle,final_reference_score,0.6204369163524764,0.5929444459582954,0.652302967827098,3
E3,weak_G_K5_oracle,final_anchor,0.3,0.3,0.3,3
E3,weak_G_K5_oracle,final_separation,0.3,0.3,0.3,3
E3,weak_G_K5_oracle,final_rho_E,0.6072865659965451,0.5829047531947315,0.6282211218744925,3
E3,weak_G_K5_oracle,accepted_rate,0.4466666666666666,0.398,0.479,3
E3,weak_G_K5_oracle,false_accept_share,0.09757455901072921,0.06650641025641026,0.12515002727768684,3
E3,weak_G_K5_oracle,false_reject_rate,0.16333333333333333,0.14300000000000002,0.179,3
E3,weak_G_K5_oracle,diagnostic_hit_rate,1.0,1.0,1.0,3
E3,weak_G_K5_oracle,nonconverged_share,0.0,0.0,0.0,3
E3,weak_G_K5_oracle,promotion_count,20.0,20.0,20.0,3
E3,weak_G_K5_oracle,total_cycles,100.0,100.0,100.0,3
E3,weak_G_K5_oracle,max_rejection_plateau,7.333333333333333,6.2,8.0,3
E3,weak_G_K5_oracle,score_welfare_correlation,0.9441095373618614,0.931328759036846,0.9561409688527241,3
E3,weak_G_K5_oracle,reversals_adjacent_epoch,14.333333333333334,9.8,17.0,3
E3,weak_G_K5_self,final_W,0.2686337786083702,0.22111037617241136,0.31082272364838237,3
E3,weak_G_K5_self,final_Q,0.45707105371481305,0.40219035736892644,0.5036746368822501,3
E3,weak_G_K5_self,gain_W,0.03693447579855122,-0.010588926637407653,0.07912342083856339,3
E3,weak_G_K5_self,mean_W,0.25499755376847166,0.21896282675152814,0.27716616721850323,3
E3,weak_G_K5_self,welfare_area,25.481288138947892,21.90157713847152,27.677055011431047,3
E3,weak_G_K5_self,final_score,0.6113243811268725,0.5920501534598198,0.6275961169093627,3
E3,weak_G_K5_self,final_reference_score,0.5125020813003517,0.4959515305817957,0.5253163244504515,3
E3,weak_G_K5_self,final_anchor,0.3,0.3,0.3,3
E3,weak_G_K5_self,final_separation,0.3,0.3,0.3,3
E3,weak_G_K5_self,final_rho_E,0.617757194932491,0.5969444263177259,0.63,3
E3,weak_G_K5_self,accepted_rate,0.37666666666666665,0.36,0.40499999999999997,3
E3,weak_G_K5_self,false_accept_share,0.2050587172538392,0.1731029810298103,0.24444444444444444,3
E3,weak_G_K5_self,false_reject_rate,0.15000000000000002,0.124,0.169,3
E3,weak_G_K5_self,diagnostic_hit_rate,0.10000000000000002,0.07200000000000001,0.135,3
E3,weak_G_K5_self,nonconverged_share,0.0,0.0,0.0,3
E3,weak_G_K5_self,promotion_count,20.0,20.0,20.0,3
E3,weak_G_K5_self,total_cycles,100.0,100.0,100.0,3
E3,weak_G_K5_self,max_rejection_plateau,7.666666666666667,7.0,8.8,3
E3,weak_G_K5_self,score_welfare_correlation,0.6482344336747478,0.4944253728013781,0.7975890968242731,3
E3,weak_G_K5_self,reversals_adjacent_epoch,8.0,4.4,11.6,3
E3,weak_I_K1_external,final_W,0.3652253168137227,0.34851508085338223,0.3909063090963747,3
E3,weak_I_K1_external,final_Q,0.5519295015496878,0.5280081740639985,0.5881333136751822,3
E3,weak_I_K1_external,gain_W,0.13476061404451503,0.11805037808417457,0.16044160632716706,3
E3,weak_I_K1_external,mean_W,0.3194250093818764,0.3010961011646715,0.34951338595826703,3
E3,weak_I_K1_external,welfare_area,31.875120631165384,30.05058492742506,34.87111779266312,3
E3,weak_I_K1_external,final_score,0.6125654056356747,0.5795283724568886,0.6591260556891647,3
E3,weak_I_K1_external,final_reference_score,0.6125654056356747,0.5795283724568886,0.6591260556891647,3
E3,weak_I_K1_external,final_anchor,0.3,0.3,0.3,3
E3,weak_I_K1_external,final_separation,0.3,0.3,0.3,3
E3,weak_I_K1_external,final_rho_E,0.16545199426165338,0.044910606122843554,0.3085523461568554,3
E3,weak_I_K1_external,accepted_rate,0.43999999999999995,0.378,0.495,3
E3,weak_I_K1_external,false_accept_share,0.10874874874874875,0.08311111111111111,0.13273273273273273,3
E3,weak_I_K1_external,false_reject_rate,0.11333333333333333,0.092,0.137,3
E3,weak_I_K1_external,diagnostic_hit_rate,0.21999999999999997,0.193,0.247,3
E3,weak_I_K1_external,nonconverged_share,0.0,0.0,0.0,3
E3,weak_I_K1_external,promotion_count,0.0,0.0,0.0,3
E3,weak_I_K1_external,total_cycles,100.0,100.0,100.0,3
E3,weak_I_K1_external,max_rejection_plateau,8.666666666666666,5.3,12.5,3
E3,weak_I_K1_external,score_welfare_correlation,0.9886429258455441,0.9834038832724248,0.9921085206143018,3
E3,weak_I_K1_external,reversals_adjacent_epoch,0.6666666666666666,0.1,1.0,3
E3,weak_I_K1_oracle,final_W,0.3432155417465423,0.2816451144025887,0.3814351319443748,3
E3,weak_I_K1_oracle,final_Q,0.5191156397509836,0.44906311401540977,0.5626541531854435,3
E3,weak_I_K1_oracle,gain_W,0.11275083897733457,0.05118041163338104,0.15097042917516712,3
E3,weak_I_K1_oracle,mean_W,0.29409095482238984,0.26061154934604686,0.3181188017103158,3
E3,weak_I_K1_oracle,welfare_area,29.35272006275032,26.035564728787996,31.736394956444002,3
E3,weak_I_K1_oracle,final_score,0.691023388757397,0.6591711350449767,0.7140790467429187,3
E3,weak_I_K1_oracle,final_reference_score,0.6286717523720736,0.6129109293503984,0.6393630637522154,3
E3,weak_I_K1_oracle,final_anchor,0.3,0.3,0.3,3
E3,weak_I_K1_oracle,final_separation,0.3,0.3,0.3,3
E3,weak_I_K1_oracle,final_rho_E,0.6121571309326126,0.5818242535180542,0.63,3
E3,weak_I_K1_oracle,accepted_rate,0.42333333333333334,0.403,0.439,3
E3,weak_I_K1_oracle,false_accept_share,0.1398167723749119,0.056363636363636366,0.24159619450317124,3
E3,weak_I_K1_oracle,false_reject_rate,0.20666666666666667,0.17500000000000002,0.229,3
E3,weak_I_K1_oracle,diagnostic_hit_rate,1.0,1.0,1.0,3
E3,weak_I_K1_oracle,nonconverged_share,0.0,0.0,0.0,3
E3,weak_I_K1_oracle,promotion_count,100.0,100.0,100.0,3
E3,weak_I_K1_oracle,total_cycles,100.0,100.0,100.0,3
E3,weak_I_K1_oracle,max_rejection_plateau,8.0,7.1,8.9,3
E3,weak_I_K1_oracle,score_welfare_correlation,0.8463958620483263,0.6436670152872871,0.9701658787017766,3
E3,weak_I_K1_oracle,reversals_adjacent_epoch,3.3333333333333335,0.30000000000000004,6.6,3
E3,weak_I_K1_self,final_W,0.32889829414754673,0.2865567105297981,0.3592575486118401,3
E3,weak_I_K1_self,final_Q,0.5016589286967031,0.452164044440049,0.5361244827608669,3
E3,weak_I_K1_self,gain_W,0.09843359137833908,0.05609200776059041,0.12879284584263243,3
E3,weak_I_K1_self,mean_W,0.2844870158592066,0.26095928480537667,0.30387610257000613,3
E3,weak_I_K1_self,welfare_area,28.399484790231497,26.067146829913604,30.329099008029488,3
E3,weak_I_K1_self,final_score,0.6991087106698893,0.6682876717744112,0.7284455317226977,3
E3,weak_I_K1_self,final_reference_score,0.6389974018325296,0.6106828017250575,0.6797183699075258,3
E3,weak_I_K1_self,final_anchor,0.3,0.3,0.3,3
E3,weak_I_K1_self,final_separation,0.3,0.3,0.3,3
E3,weak_I_K1_self,final_rho_E,0.63,0.63,0.63,3
E3,weak_I_K1_self,accepted_rate,0.4433333333333333,0.411,0.492,3
E3,weak_I_K1_self,false_accept_share,0.09867595818815329,0.07385365853658536,0.13657142857142857,3
E3,weak_I_K1_self,false_reject_rate,0.15333333333333335,0.122,0.194,3
E3,weak_I_K1_self,diagnostic_hit_rate,0.25333333333333335,0.25,0.259,3
E3,weak_I_K1_self,nonconverged_share,0.0,0.0,0.0,3
E3,weak_I_K1_self,promotion_count,100.0,100.0,100.0,3
E3,weak_I_K1_self,total_cycles,100.0,100.0,100.0,3
E3,weak_I_K1_self,max_rejection_plateau,8.0,6.1,10.6,3
E3,weak_I_K1_self,score_welfare_correlation,0.9040532165457842,0.8131579838791074,0.9665800930224973,3
E3,weak_I_K1_self,reversals_adjacent_epoch,2.0,0.0,5.3999999999999995,3
E3,weak_I_K5_external,final_W,0.3652253168137227,0.34851508085338223,0.3909063090963747,3
E3,weak_I_K5_external,final_Q,0.5519295015496878,0.5280081740639985,0.5881333136751822,3
E3,weak_I_K5_external,gain_W,0.13476061404451503,0.11805037808417457,0.16044160632716706,3
E3,weak_I_K5_external,mean_W,0.3194250093818764,0.3010961011646715,0.34951338595826703,3
E3,weak_I_K5_external,welfare_area,31.875120631165384,30.05058492742506,34.87111779266312,3
E3,weak_I_K5_external,final_score,0.6125654056356747,0.5795283724568886,0.6591260556891647,3
E3,weak_I_K5_external,final_reference_score,0.6125654056356747,0.5795283724568886,0.6591260556891647,3
E3,weak_I_K5_external,final_anchor,0.3,0.3,0.3,3
E3,weak_I_K5_external,final_separation,0.3,0.3,0.3,3
E3,weak_I_K5_external,final_rho_E,0.16545199426165338,0.044910606122843554,0.3085523461568554,3
E3,weak_I_K5_external,accepted_rate,0.43999999999999995,0.378,0.495,3
E3,weak_I_K5_external,false_accept_share,0.10874874874874875,0.08311111111111111,0.13273273273273273,3
E3,weak_I_K5_external,false_reject_rate,0.11333333333333333,0.092,0.137,3
E3,weak_I_K5_external,diagnostic_hit_rate,0.21999999999999997,0.193,0.247,3
E3,weak_I_K5_external,nonconverged_share,0.0,0.0,0.0,3
E3,weak_I_K5_external,promotion_count,0.0,0.0,0.0,3
E3,weak_I_K5_external,total_cycles,100.0,100.0,100.0,3
E3,weak_I_K5_external,max_rejection_plateau,8.666666666666666,5.3,12.5,3
E3,weak_I_K5_external,score_welfare_correlation,0.9886429258455441,0.9834038832724248,0.9921085206143018,3
E3,weak_I_K5_external,reversals_adjacent_epoch,5.333333333333333,3.2,7.699999999999999,3
E3,weak_I_K5_oracle,final_W,0.2980071614609951,0.2877084785845823,0.3086147619091615,3
E3,weak_I_K5_oracle,final_Q,0.4770393108810993,0.4539407840226552,0.49477055915231855,3
E3,weak_I_K5_oracle,gain_W,0.06754245869178739,0.057243775815374646,0.07815005913995382,3
E3,weak_I_K5_oracle,mean_W,0.26817285625384807,0.25693132074673664,0.275212137726115,3
E3,weak_I_K5_oracle,welfare_area,26.78351439603891,25.664510186765973,27.482138743041524,3
E3,weak_I_K5_oracle,final_score,0.6440386617040528,0.6016581165223527,0.6705097153987183,3
E3,weak_I_K5_oracle,final_reference_score,0.6002225116372762,0.5774971324428897,0.6175099535255102,3
E3,weak_I_K5_oracle,final_anchor,0.3,0.3,0.3,3
E3,weak_I_K5_oracle,final_separation,0.3,0.3,0.3,3
E3,weak_I_K5_oracle,final_rho_E,0.5440107847948572,0.4406008924728165,0.6246535283091623,3
E3,weak_I_K5_oracle,accepted_rate,0.44333333333333336,0.423,0.459,3
E3,weak_I_K5_oracle,false_accept_share,0.15104669887278585,0.1144927536231884,0.17666666666666667,3
E3,weak_I_K5_oracle,false_reject_rate,0.20000000000000004,0.171,0.243,3
E3,weak_I_K5_oracle,diagnostic_hit_rate,1.0,1.0,1.0,3
E3,weak_I_K5_oracle,nonconverged_share,0.0,0.0,0.0,3
E3,weak_I_K5_oracle,promotion_count,20.0,20.0,20.0,3
E3,weak_I_K5_oracle,total_cycles,100.0,100.0,100.0,3
E3,weak_I_K5_oracle,max_rejection_plateau,9.333333333333334,8.0,11.6,3
E3,weak_I_K5_oracle,score_welfare_correlation,0.7088829112467924,0.422223892305483,0.8902766870522822,3
E3,weak_I_K5_oracle,reversals_adjacent_epoch,14.0,12.3,15.0,3
E3,weak_I_K5_self,final_W,0.3105997885456437,0.29850261476688444,0.3182433388496505,3
E3,weak_I_K5_self,final_Q,0.48115821440980383,0.4641592017330861,0.49602728750988867,3
E3,weak_I_K5_self,gain_W,0.08013508577643601,0.0680379119976768,0.08777863608044287,3
E3,weak_I_K5_self,mean_W,0.27349662997431556,0.2596619901380626,0.28495982161289274,3
E3,weak_I_K5_self,welfare_area,27.309595454543338,25.932180057807425,28.452092843249048,3
E3,weak_I_K5_self,final_score,0.6784983997282182,0.6608706897716353,0.6997567346484019,3
E3,weak_I_K5_self,final_reference_score,0.619160935105162,0.5992043884502463,0.6409339490092874,3
E3,weak_I_K5_self,final_anchor,0.3,0.3,0.3,3
E3,weak_I_K5_self,final_separation,0.3,0.3,0.3,3
E3,weak_I_K5_self,final_rho_E,0.6094985847892849,0.5921114237425137,0.6278168443985694,3
E3,weak_I_K5_self,accepted_rate,0.4466666666666666,0.413,0.485,3
E3,weak_I_K5_self,false_accept_share,0.15601384678039731,0.11934589800443458,0.1823792931806869,3
E3,weak_I_K5_self,false_reject_rate,0.19333333333333336,0.19,0.199,3
E3,weak_I_K5_self,diagnostic_hit_rate,0.27,0.25,0.304,3
E3,weak_I_K5_self,nonconverged_share,0.0,0.0,0.0,3
E3,weak_I_K5_self,promotion_count,20.0,20.0,20.0,3
E3,weak_I_K5_self,total_cycles,100.0,100.0,100.0,3
E3,weak_I_K5_self,max_rejection_plateau,6.0,5.1,6.9,3
E3,weak_I_K5_self,score_welfare_correlation,0.8880958199655854,0.8050402181717398,0.9378793314347096,3
E3,weak_I_K5_self,reversals_adjacent_epoch,5.333333333333333,1.6,7.9,3
E3,weak_M_K1_external,final_W,0.3587768385128965,0.3107672554646053,0.4061043106753207,3
E3,weak_M_K1_external,final_Q,0.5432682649715335,0.49105583341454967,0.5966315464057287,3
E3,weak_M_K1_external,gain_W,0.11051225592791837,0.06250267287962719,0.15783972809034255,3
E3,weak_M_K1_external,mean_W,0.3172871896720309,0.28037381796110816,0.3586211060303035,3
E3,weak_M_K1_external,welfare_area,31.673462839239136,28.006130459671006,35.78319073898518,3
E3,weak_M_K1_external,final_score,0.590670336803758,0.5316513926133731,0.6622581300507885,3
E3,weak_M_K1_external,final_reference_score,0.590670336803758,0.5316513926133731,0.6622581300507885,3
E3,weak_M_K1_external,final_anchor,0.3,0.3,0.3,3
E3,weak_M_K1_external,final_separation,0.3,0.3,0.3,3
E3,weak_M_K1_external,final_rho_E,0.08195636471607355,0.025766296797845867,0.12476420837409745,3
E3,weak_M_K1_external,accepted_rate,0.49,0.437,0.536,3
E3,weak_M_K1_external,false_accept_share,0.10844099913867356,0.05697674418604651,0.1869767441860465,3
E3,weak_M_K1_external,false_reject_rate,0.07666666666666666,0.024,0.141,3
E3,weak_M_K1_external,diagnostic_hit_rate,0.26333333333333336,0.17200000000000001,0.34299999999999997,3
E3,weak_M_K1_external,nonconverged_share,0.0,0.0,0.0,3
E3,weak_M_K1_external,promotion_count,0.0,0.0,0.0,3
E3,weak_M_K1_external,total_cycles,100.0,100.0,100.0,3
E3,weak_M_K1_external,max_rejection_plateau,7.0,6.0,8.7,3
E3,weak_M_K1_external,score_welfare_correlation,0.9758260043424228,0.9635414882432222,0.9859663927045432,3
E3,weak_M_K1_external,reversals_adjacent_epoch,3.0,0.2,6.5,3
E3,weak_M_K1_oracle,final_W,0.3500645421627362,0.31154415548632736,0.37375317409921843,3
E3,weak_M_K1_oracle,final_Q,0.5282419322250892,0.48670916203502274,0.5530096656863428,3
E3,weak_M_K1_oracle,gain_W,0.1017999595777581,0.06327957290134922,0.12548859151424033,3
E3,weak_M_K1_oracle,mean_W,0.30200089860860857,0.28306354178348486,0.31536558043159724,3
E3,weak_M_K1_oracle,welfare_area,30.149189881071976,28.27457548018229,31.4749250411268,3
E3,weak_M_K1_oracle,final_score,0.6986514076207498,0.691150876774417,0.7059782980789895,3
E3,weak_M_K1_oracle,final_reference_score,0.6245116021095213,0.620469702193366,0.628984771754585,3
E3,weak_M_K1_oracle,final_anchor,0.3,0.3,0.3,3
E3,weak_M_K1_oracle,final_separation,0.3,0.3,0.3,3
E3,weak_M_K1_oracle,final_rho_E,0.6081367877628718,0.570969326959754,0.63,3
E3,weak_M_K1_oracle,accepted_rate,0.45,0.40700000000000003,0.479,3
E3,weak_M_K1_oracle,false_accept_share,0.12494089834515366,0.08499999999999999,0.18234042553191487,3
E3,weak_M_K1_oracle,false_reject_rate,0.17,0.11699999999999999,0.216,3
E3,weak_M_K1_oracle,diagnostic_hit_rate,1.0,1.0,1.0,3
E3,weak_M_K1_oracle,nonconverged_share,0.0,0.0,0.0,3
E3,weak_M_K1_oracle,promotion_count,100.0,100.0,100.0,3
E3,weak_M_K1_oracle,total_cycles,100.0,100.0,100.0,3
E3,weak_M_K1_oracle,max_rejection_plateau,6.333333333333333,6.0,6.9,3
E3,weak_M_K1_oracle,score_welfare_correlation,0.9274545955751736,0.8942412564014657,0.9477423383840973,3
E3,weak_M_K1_oracle,reversals_adjacent_epoch,6.0,1.5,10.5,3
E3,weak_M_K1_self,final_W,0.31391845338977126,0.30807478614803446,0.3203498893734096,3
E3,weak_M_K1_self,final_Q,0.4895549333269602,0.4778913554778882,0.5013710030507337,3
E3,weak_M_K1_self,gain_W,0.06565387080479311,0.059810203563056316,0.07208530678843145,3
E3,weak_M_K1_self,mean_W,0.2822537712713238,0.2695184166350044,0.29210905144366883,3
E3,weak_M_K1_self,welfare_area,28.192550191729982,26.921936561718915,29.174862490972668,3
E3,weak_M_K1_self,final_score,0.6600261763460811,0.647185433143808,0.675345761600556,3
E3,weak_M_K1_self,final_reference_score,0.5713631494078896,0.5532279404809558,0.5923220951138831,3
E3,weak_M_K1_self,final_anchor,0.3,0.3,0.3,3
E3,weak_M_K1_self,final_separation,0.3,0.3,0.3,3
E3,weak_M_K1_self,final_rho_E,0.63,0.63,0.63,3
E3,weak_M_K1_self,accepted_rate,0.43333333333333335,0.34800000000000003,0.528,3
E3,weak_M_K1_self,false_accept_share,0.10613134142545906,0.09052287581699348,0.11825396825396825,3
E3,weak_M_K1_self,false_reject_rate,0.15333333333333332,0.10700000000000001,0.188,3
E3,weak_M_K1_self,diagnostic_hit_rate,0.22666666666666666,0.195,0.249,3
E3,weak_M_K1_self,nonconverged_share,0.0,0.0,0.0,3
E3,weak_M_K1_self,promotion_count,100.0,100.0,100.0,3
E3,weak_M_K1_self,total_cycles,100.0,100.0,100.0,3
E3,weak_M_K1_self,max_rejection_plateau,7.666666666666667,5.2,10.6,3
E3,weak_M_K1_self,score_welfare_correlation,0.869390159727228,0.7749266551699955,0.9389113548481637,3
E3,weak_M_K1_self,reversals_adjacent_epoch,2.3333333333333335,0.1,5.5,3
E3,weak_M_K5_external,final_W,0.3587768385128965,0.3107672554646053,0.4061043106753207,3
E3,weak_M_K5_external,final_Q,0.5432682649715335,0.49105583341454967,0.5966315464057287,3
E3,weak_M_K5_external,gain_W,0.11051225592791837,0.06250267287962719,0.15783972809034255,3
E3,weak_M_K5_external,mean_W,0.3172871896720309,0.28037381796110816,0.3586211060303035,3
E3,weak_M_K5_external,welfare_area,31.673462839239136,28.006130459671006,35.78319073898518,3
E3,weak_M_K5_external,final_score,0.590670336803758,0.5316513926133731,0.6622581300507885,3
E3,weak_M_K5_external,final_reference_score,0.590670336803758,0.5316513926133731,0.6622581300507885,3
E3,weak_M_K5_external,final_anchor,0.3,0.3,0.3,3
E3,weak_M_K5_external,final_separation,0.3,0.3,0.3,3
E3,weak_M_K5_external,final_rho_E,0.08195636471607355,0.025766296797845867,0.12476420837409745,3
E3,weak_M_K5_external,accepted_rate,0.49,0.437,0.536,3
E3,weak_M_K5_external,false_accept_share,0.10844099913867356,0.05697674418604651,0.1869767441860465,3
E3,weak_M_K5_external,false_reject_rate,0.07666666666666666,0.024,0.141,3
E3,weak_M_K5_external,diagnostic_hit_rate,0.26333333333333336,0.17200000000000001,0.34299999999999997,3
E3,weak_M_K5_external,nonconverged_share,0.0,0.0,0.0,3
E3,weak_M_K5_external,promotion_count,0.0,0.0,0.0,3
E3,weak_M_K5_external,total_cycles,100.0,100.0,100.0,3
E3,weak_M_K5_external,max_rejection_plateau,7.0,6.0,8.7,3
E3,weak_M_K5_external,score_welfare_correlation,0.9758260043424228,0.9635414882432222,0.9859663927045432,3
E3,weak_M_K5_external,reversals_adjacent_epoch,12.0,8.5,14.8,3
E3,weak_M_K5_oracle,final_W,0.3528061117856238,0.3100131686450679,0.39238831635256594,3
E3,weak_M_K5_oracle,final_Q,0.5286143684252318,0.4729677937655555,0.5798457324179996,3
E3,weak_M_K5_oracle,gain_W,0.1045415292006457,0.061748586060089775,0.1441237337675878,3
E3,weak_M_K5_oracle,mean_W,0.307083725288438,0.2857217184858283,0.328107137054788,3
E3,weak_M_K5_oracle,welfare_area,30.656101764243477,28.541297555552788,32.738651838595004,3
E3,weak_M_K5_oracle,final_score,0.697421514491383,0.6749462098250679,0.7203218981471254,3
E3,weak_M_K5_oracle,final_reference_score,0.6369816347095124,0.6228105108520576,0.6558025397891005,3
E3,weak_M_K5_oracle,final_anchor,0.3,0.3,0.3,3
E3,weak_M_K5_oracle,final_separation,0.3,0.3,0.3,3
E3,weak_M_K5_oracle,final_rho_E,0.5962348046890272,0.5709205749697445,0.6259891747113286,3
E3,weak_M_K5_oracle,accepted_rate,0.4533333333333333,0.422,0.494,3
E3,weak_M_K5_oracle,false_accept_share,0.09737373737373738,0.04890909090909091,0.15799999999999997,3
E3,weak_M_K5_oracle,false_reject_rate,0.16,0.151,0.169,3
E3,weak_M_K5_oracle,diagnostic_hit_rate,1.0,1.0,1.0,3
E3,weak_M_K5_oracle,nonconverged_share,0.0,0.0,0.0,3
E3,weak_M_K5_oracle,promotion_count,20.0,20.0,20.0,3
E3,weak_M_K5_oracle,total_cycles,100.0,100.0,100.0,3
E3,weak_M_K5_oracle,max_rejection_plateau,8.0,6.1,10.6,3
E3,weak_M_K5_oracle,score_welfare_correlation,0.9099989818665591,0.8817960270332803,0.9351910343008458,3
E3,weak_M_K5_oracle,reversals_adjacent_epoch,14.666666666666666,11.0,20.9,3
E3,weak_M_K5_self,final_W,0.30759912249652177,0.2964667876250741,0.32619471479631706,3
E3,weak_M_K5_self,final_Q,0.4847026955071789,0.47482379181755907,0.49094929412347316,3
E3,weak_M_K5_self,gain_W,0.05933453991154362,0.048202205040095994,0.07793013221133893,3
E3,weak_M_K5_self,mean_W,0.2773641940156593,0.26814241686492596,0.2864065724840813,3
E3,weak_M_K5_self,welfare_area,27.70675213161016,26.790140583972544,28.60169218230246,3
E3,weak_M_K5_self,final_score,0.6363588156024497,0.618289463393298,0.6472117294683521,3
E3,weak_M_K5_self,final_reference_score,0.550821401425075,0.5393704519360603,0.5594700869133147,3
E3,weak_M_K5_self,final_anchor,0.3,0.3,0.3,3
E3,weak_M_K5_self,final_separation,0.3,0.3,0.3,3
E3,weak_M_K5_self,final_rho_E,0.5637781031279472,0.527156644832329,0.620505529201641,3
E3,weak_M_K5_self,accepted_rate,0.45,0.40700000000000003,0.479,3
E3,weak_M_K5_self,false_accept_share,0.18590425531914892,0.17194148936170212,0.19875,3
E3,weak_M_K5_self,false_reject_rate,0.12333333333333334,0.10300000000000001,0.139,3
E3,weak_M_K5_self,diagnostic_hit_rate,0.21333333333333335,0.17200000000000001,0.271,3
E3,weak_M_K5_self,nonconverged_share,0.0,0.0,0.0,3
E3,weak_M_K5_self,promotion_count,20.0,20.0,20.0,3
E3,weak_M_K5_self,total_cycles,100.0,100.0,100.0,3
E3,weak_M_K5_self,max_rejection_plateau,8.333333333333334,7.0,10.6,3
E3,weak_M_K5_self,score_welfare_correlation,0.42303600529677127,0.16784059797369696,0.6605435862463171,3
E3,weak_M_K5_self,reversals_adjacent_epoch,11.0,7.4,14.6,3
E3,weak_R_K1_external,final_W,0.3622203218764742,0.3126969130124945,0.4114280955104768,3
E3,weak_R_K1_external,final_Q,0.5391980338872858,0.4848680108065382,0.5993742355369184,3
E3,weak_R_K1_external,gain_W,0.13388591512905387,0.08436250626507422,0.18309368876305646,3
E3,weak_R_K1_external,mean_W,0.2951106594342053,0.2660477612016026,0.33048406995281393,3
E3,weak_R_K1_external,welfare_area,29.444122985855998,26.56259486702772,32.95686015089986,3
E3,weak_R_K1_external,final_score,0.5688947537825852,0.5241390539073331,0.6337219839189877,3
E3,weak_R_K1_external,final_reference_score,0.5688947537825852,0.5241390539073331,0.6337219839189877,3
E3,weak_R_K1_external,final_anchor,0.3,0.3,0.3,3
E3,weak_R_K1_external,final_separation,0.3,0.3,0.3,3
E3,weak_R_K1_external,final_rho_E,0.07657211000457796,0.03291092326909388,0.1334810409639633,3
E3,weak_R_K1_external,accepted_rate,0.4266666666666667,0.366,0.492,3
E3,weak_R_K1_external,false_accept_share,0.11285714285714286,0.08452380952380951,0.1535238095238095,3
E3,weak_R_K1_external,false_reject_rate,0.09666666666666668,0.05500000000000001,0.136,3
E3,weak_R_K1_external,diagnostic_hit_rate,0.29,0.20400000000000001,0.348,3
E3,weak_R_K1_external,nonconverged_share,0.0,0.0,0.0,3
E3,weak_R_K1_external,promotion_count,0.0,0.0,0.0,3
E3,weak_R_K1_external,total_cycles,100.0,100.0,100.0,3
E3,weak_R_K1_external,max_rejection_plateau,8.666666666666666,6.2,11.6,3
E3,weak_R_K1_external,score_welfare_correlation,0.9355550219378124,0.8756588884438895,0.9890215505797257,3
E3,weak_R_K1_external,reversals_adjacent_epoch,1.3333333333333333,0.1,2.8,3
E3,weak_R_K1_oracle,final_W,0.26458667472270975,0.1902174458190093,0.33556078671733197,3
E3,weak_R_K1_oracle,final_Q,0.433256541579407,0.3476156426601756,0.5104337349887282,3
E3,weak_R_K1_oracle,gain_W,0.0362522679752894,-0.03811696092841105,0.10722637996991163,3
E3,weak_R_K1_oracle,mean_W,0.23410228949850945,0.20469616964876314,0.2640109659910118,3
E3,weak_R_K1_oracle,welfare_area,23.392102815863307,20.48867544534052,26.34748340911623,3
E3,weak_R_K1_oracle,final_score,0.6514902278001268,0.6005167269299476,0.6999091794300205,3
E3,weak_R_K1_oracle,final_reference_score,0.6020650836583493,0.5753474223444495,0.6318119934722398,3
E3,weak_R_K1_oracle,final_anchor,0.3,0.3,0.3,3
E3,weak_R_K1_oracle,final_separation,0.3,0.3,0.3,3
E3,weak_R_K1_oracle,final_rho_E,0.6136755064104559,0.5859238673082309,0.63,3
E3,weak_R_K1_oracle,accepted_rate,0.43,0.411,0.456,3
E3,weak_R_K1_oracle,false_accept_share,0.1891548418589776,0.11687370600414078,0.26051103368176537,3
E3,weak_R_K1_oracle,false_reject_rate,0.16666666666666666,0.151,0.187,3
E3,weak_R_K1_oracle,diagnostic_hit_rate,1.0,1.0,1.0,3
E3,weak_R_K1_oracle,nonconverged_share,0.0,0.0,0.0,3
E3,weak_R_K1_oracle,promotion_count,100.0,100.0,100.0,3
E3,weak_R_K1_oracle,total_cycles,100.0,100.0,100.0,3
E3,weak_R_K1_oracle,max_rejection_plateau,6.666666666666667,6.0,7.8,3
E3,weak_R_K1_oracle,score_welfare_correlation,0.9425658176677677,0.9183110103133781,0.9663494299487422,3
E3,weak_R_K1_oracle,reversals_adjacent_epoch,6.333333333333333,3.2,10.399999999999999,3
E3,weak_R_K1_self,final_W,0.24727915223628574,0.21917186920152984,0.2750141357634399,3
E3,weak_R_K1_self,final_Q,0.4084464416610052,0.3746087430681317,0.43884476737963857,3
E3,weak_R_K1_self,gain_W,0.018944745488865423,-0.00916253754589049,0.04667972901601958,3
E3,weak_R_K1_self,mean_W,0.23095522302515026,0.21997534441774896,0.24605940018783948,3
E3,weak_R_K1_self,welfare_area,23.086049929770596,21.989387204114873,24.584191217580063,3
E3,weak_R_K1_self,final_score,0.6251778536617416,0.6104856950730899,0.6377353400726944,3
E3,weak_R_K1_self,final_reference_score,0.5480190017158477,0.5207132046797472,0.5649694066955537,3
E3,weak_R_K1_self,final_anchor,0.3,0.3,0.3,3
E3,weak_R_K1_self,final_separation,0.3,0.3,0.3,3
E3,weak_R_K1_self,final_rho_E,0.6201322373573753,0.6033570408649135,0.63,3
E3,weak_R_K1_self,accepted_rate,0.4000000000000001,0.373,0.427,3
E3,weak_R_K1_self,false_accept_share,0.176147077309868,0.12086737900691388,0.2412162162162162,3
E3,weak_R_K1_self,false_reject_rate,0.09666666666666668,0.091,0.1,3
E3,weak_R_K1_self,diagnostic_hit_rate,0.08,0.062,0.098,3
E3,weak_R_K1_self,nonconverged_share,0.0,0.0,0.0,3
E3,weak_R_K1_self,promotion_count,100.0,100.0,100.0,3
E3,weak_R_K1_self,total_cycles,100.0,100.0,100.0,3
E3,weak_R_K1_self,max_rejection_plateau,10.0,9.1,10.9,3
E3,weak_R_K1_self,score_welfare_correlation,0.5447889313377307,0.3076500586634785,0.8045004921740985,3
E3,weak_R_K1_self,reversals_adjacent_epoch,3.6666666666666665,0.5,5.9,3
E3,weak_R_K5_external,final_W,0.3622203218764742,0.3126969130124945,0.4114280955104768,3
E3,weak_R_K5_external,final_Q,0.5391980338872858,0.4848680108065382,0.5993742355369184,3
E3,weak_R_K5_external,gain_W,0.13388591512905387,0.08436250626507422,0.18309368876305646,3
E3,weak_R_K5_external,mean_W,0.2951106594342053,0.2660477612016026,0.33048406995281393,3
E3,weak_R_K5_external,welfare_area,29.444122985855998,26.56259486702772,32.95686015089986,3
E3,weak_R_K5_external,final_score,0.5688947537825852,0.5241390539073331,0.6337219839189877,3
E3,weak_R_K5_external,final_reference_score,0.5688947537825852,0.5241390539073331,0.6337219839189877,3
E3,weak_R_K5_external,final_anchor,0.3,0.3,0.3,3
E3,weak_R_K5_external,final_separation,0.3,0.3,0.3,3
E3,weak_R_K5_external,final_rho_E,0.07657211000457796,0.03291092326909388,0.1334810409639633,3
E3,weak_R_K5_external,accepted_rate,0.4266666666666667,0.366,0.492,3
E3,weak_R_K5_external,false_accept_share,0.11285714285714286,0.08452380952380951,0.1535238095238095,3
E3,weak_R_K5_external,false_reject_rate,0.09666666666666668,0.05500000000000001,0.136,3
E3,weak_R_K5_external,diagnostic_hit_rate,0.29,0.20400000000000001,0.348,3
E3,weak_R_K5_external,nonconverged_share,0.0,0.0,0.0,3
E3,weak_R_K5_external,promotion_count,0.0,0.0,0.0,3
E3,weak_R_K5_external,total_cycles,100.0,100.0,100.0,3
E3,weak_R_K5_external,max_rejection_plateau,8.666666666666666,6.2,11.6,3
E3,weak_R_K5_external,score_welfare_correlation,0.9355550219378124,0.8756588884438895,0.9890215505797257,3
E3,weak_R_K5_external,reversals_adjacent_epoch,5.333333333333333,2.5,7.0,3
E3,weak_R_K5_oracle,final_W,0.3008599344840925,0.19910236518791297,0.361460705495283,3
E3,weak_R_K5_oracle,final_Q,0.47418393528772945,0.3567567792897539,0.5467783560875006,3
E3,weak_R_K5_oracle,gain_W,0.07252552773667212,-0.029232041559507375,0.13312629874786264,3
E3,weak_R_K5_oracle,mean_W,0.2523371752804784,0.20864576692442843,0.2806344457136401,3
E3,weak_R_K5_oracle,welfare_area,25.197454764179508,20.879092416284276,27.99768379749665,3
E3,weak_R_K5_oracle,final_score,0.6578355676753019,0.602127498801756,0.7036981331553338,3
E3,weak_R_K5_oracle,final_reference_score,0.6106400070270172,0.5781273651735782,0.631745646412454,3
E3,weak_R_K5_oracle,final_anchor,0.3,0.3,0.3,3
E3,weak_R_K5_oracle,final_separation,0.3,0.3,0.3,3
E3,weak_R_K5_oracle,final_rho_E,0.5552283621224453,0.42811657773060224,0.63,3
E3,weak_R_K5_oracle,accepted_rate,0.4533333333333333,0.404,0.512,3
E3,weak_R_K5_oracle,false_accept_share,0.1755827505827506,0.11748251748251749,0.26113636363636367,3
E3,weak_R_K5_oracle,false_reject_rate,0.17,0.15,0.204,3
E3,weak_R_K5_oracle,diagnostic_hit_rate,1.0,1.0,1.0,3
E3,weak_R_K5_oracle,nonconverged_share,0.0,0.0,0.0,3
E3,weak_R_K5_oracle,promotion_count,20.0,20.0,20.0,3
E3,weak_R_K5_oracle,total_cycles,100.0,100.0,100.0,3
E3,weak_R_K5_oracle,max_rejection_plateau,6.666666666666667,6.0,7.8,3
E3,weak_R_K5_oracle,score_welfare_correlation,0.9351283556500184,0.9192666706398073,0.9476528905418047,3
E3,weak_R_K5_oracle,reversals_adjacent_epoch,18.333333333333332,12.0,22.8,3
E3,weak_R_K5_self,final_W,0.22737748972329452,0.20872910254614202,0.25470516410395794,3
E3,weak_R_K5_self,final_Q,0.38766835636701574,0.37006640827721293,0.41655108250618006,3
E3,weak_R_K5_self,gain_W,-0.0009569170241258326,-0.019605304201278307,0.026370757356537624,3
E3,weak_R_K5_self,mean_W,0.22405601151102106,0.20869312391043127,0.24091428417160748,3
E3,weak_R_K5_self,welfare_area,22.406079609614167,20.879115043143766,24.07824303848248,3
E3,weak_R_K5_self,final_score,0.6064132479231227,0.5837689992007613,0.6337228030848714,3
E3,weak_R_K5_self,final_reference_score,0.5398725737639812,0.49855047170045,0.5682779446689934,3
E3,weak_R_K5_self,final_anchor,0.3,0.3,0.3,3
E3,weak_R_K5_self,final_separation,0.3,0.3,0.3,3
E3,weak_R_K5_self,final_rho_E,0.6128533025279626,0.583703916825499,0.63,3
E3,weak_R_K5_self,accepted_rate,0.4066666666666667,0.367,0.43,3
E3,weak_R_K5_self,false_accept_share,0.2136089577950043,0.1896640826873385,0.23152454780361756,3
E3,weak_R_K5_self,false_reject_rate,0.09666666666666668,0.091,0.1,3
E3,weak_R_K5_self,diagnostic_hit_rate,0.06,0.04,0.094,3
E3,weak_R_K5_self,nonconverged_share,0.0,0.0,0.0,3
E3,weak_R_K5_self,promotion_count,20.0,20.0,20.0,3
E3,weak_R_K5_self,total_cycles,100.0,100.0,100.0,3
E3,weak_R_K5_self,max_rejection_plateau,8.0,6.1,10.6,3
E3,weak_R_K5_self,score_welfare_correlation,0.4228513167388776,0.11223943504303399,0.6478430865595928,3
E3,weak_R_K5_self,reversals_adjacent_epoch,12.0,8.6,14.0,3
E4,X2_at_handover_cost0.0,final_W,0.3557323970901132,0.30861102767279625,0.40493903984932633,3
E4,X2_at_handover_cost0.0,final_Q,0.5291500661511415,0.4902825042720961,0.5816355927855474,3
E4,X2_at_handover_cost0.0,gain_W,0.08238447840381845,0.035263108986501514,0.13159112116303162,3
E4,X2_at_handover_cost0.0,mean_W,0.3119841775004915,0.28400629753844414,0.34872634384833984,3
E4,X2_at_handover_cost0.0,welfare_area,31.157225510847244,28.38299819935117,34.806838824252466,3
E4,X2_at_handover_cost0.0,final_score,0.6841920908640701,0.6581671313699372,0.7119718861208585,3
E4,X2_at_handover_cost0.0,final_reference_score,0.6256450707520563,0.5881471582713569,0.667367438040962,3
E4,X2_at_handover_cost0.0,final_anchor,0.3,0.3,0.3,3
E4,X2_at_handover_cost0.0,final_separation,0.3,0.3,0.3,3
E4,X2_at_handover_cost0.0,final_rho_E,0.5567846335051801,0.45730885181753267,0.6268762073308067,3
E4,X2_at_handover_cost0.0,accepted_rate,0.4000000000000001,0.381,0.426,3
E4,X2_at_handover_cost0.0,false_accept_share,0.13151617863980167,0.08238866396761134,0.18059975520195837,3
E4,X2_at_handover_cost0.0,false_reject_rate,0.1366666666666667,0.08600000000000001,0.185,3
E4,X2_at_handover_cost0.0,diagnostic_hit_rate,0.24333333333333332,0.15300000000000002,0.315,3
E4,X2_at_handover_cost0.0,nonconverged_share,0.0,0.0,0.0,3
E4,X2_at_handover_cost0.0,promotion_count,20.0,20.0,20.0,3
E4,X2_at_handover_cost0.0,total_cycles,100.0,100.0,100.0,3
E4,X2_at_handover_cost0.0,max_rejection_plateau,10.333333333333334,8.2,12.7,3
E4,X2_at_handover_cost0.0,score_welfare_correlation,0.7969409317176899,0.7087558262151946,0.9259831527439814,3
E4,X2_at_handover_cost0.0,reversals_adjacent_epoch,10.666666666666666,4.0,22.0,3
E4,X2_at_handover_cost0.02,final_W,0.3557323970901132,0.30861102767279625,0.40493903984932633,3
E4,X2_at_handover_cost0.02,final_Q,0.5291500661511415,0.4902825042720961,0.5816355927855474,3
E4,X2_at_handover_cost0.02,gain_W,0.08238447840381845,0.035263108986501514,0.13159112116303162,3
E4,X2_at_handover_cost0.02,mean_W,0.3119841775004915,0.28400629753844414,0.34872634384833984,3
E4,X2_at_handover_cost0.02,welfare_area,31.157225510847244,28.38299819935117,34.806838824252466,3
E4,X2_at_handover_cost0.02,final_score,0.6781920908640701,0.6521671313699372,0.7059718861208585,3
E4,X2_at_handover_cost0.02,final_reference_score,0.6196450707520564,0.5821471582713569,0.661367438040962,3
E4,X2_at_handover_cost0.02,final_anchor,0.3,0.3,0.3,3
E4,X2_at_handover_cost0.02,final_separation,0.3,0.3,0.3,3
E4,X2_at_handover_cost0.02,final_rho_E,0.5567846335051801,0.45730885181753267,0.6268762073308067,3
E4,X2_at_handover_cost0.02,accepted_rate,0.4000000000000001,0.381,0.426,3
E4,X2_at_handover_cost0.02,false_accept_share,0.13151617863980167,0.08238866396761134,0.18059975520195837,3
E4,X2_at_handover_cost0.02,false_reject_rate,0.1366666666666667,0.08600000000000001,0.185,3
E4,X2_at_handover_cost0.02,diagnostic_hit_rate,0.24333333333333332,0.15300000000000002,0.315,3
E4,X2_at_handover_cost0.02,nonconverged_share,0.0,0.0,0.0,3
E4,X2_at_handover_cost0.02,promotion_count,20.0,20.0,20.0,3
E4,X2_at_handover_cost0.02,total_cycles,100.0,100.0,100.0,3
E4,X2_at_handover_cost0.02,max_rejection_plateau,10.333333333333334,8.2,12.7,3
E4,X2_at_handover_cost0.02,score_welfare_correlation,0.7969409317176899,0.7087558262151945,0.9259831527439814,3
E4,X2_at_handover_cost0.02,reversals_adjacent_epoch,10.666666666666666,4.0,22.0,3
E4,X2_immediate_cost0.0,final_W,0.3557323970901132,0.30861102767279625,0.40493903984932633,3
E4,X2_immediate_cost0.0,final_Q,0.5291500661511415,0.4902825042720961,0.5816355927855474,3
E4,X2_immediate_cost0.0,gain_W,0.08238447840381845,0.035263108986501514,0.13159112116303162,3
E4,X2_immediate_cost0.0,mean_W,0.3119841775004915,0.28400629753844414,0.34872634384833984,3
E4,X2_immediate_cost0.0,welfare_area,31.157225510847244,28.38299819935117,34.806838824252466,3
E4,X2_immediate_cost0.0,final_score,0.6841920908640701,0.6581671313699372,0.7119718861208585,3
E4,X2_immediate_cost0.0,final_reference_score,0.6256450707520563,0.5881471582713569,0.667367438040962,3
E4,X2_immediate_cost0.0,final_anchor,0.3,0.3,0.3,3
E4,X2_immediate_cost0.0,final_separation,0.3,0.3,0.3,3
E4,X2_immediate_cost0.0,final_rho_E,0.5567846335051801,0.45730885181753267,0.6268762073308067,3
E4,X2_immediate_cost0.0,accepted_rate,0.4000000000000001,0.381,0.426,3
E4,X2_immediate_cost0.0,false_accept_share,0.13151617863980167,0.08238866396761134,0.18059975520195837,3
E4,X2_immediate_cost0.0,false_reject_rate,0.1366666666666667,0.08600000000000001,0.185,3
E4,X2_immediate_cost0.0,diagnostic_hit_rate,0.24333333333333332,0.15300000000000002,0.315,3
E4,X2_immediate_cost0.0,nonconverged_share,0.0,0.0,0.0,3
E4,X2_immediate_cost0.0,promotion_count,20.0,20.0,20.0,3
E4,X2_immediate_cost0.0,total_cycles,100.0,100.0,100.0,3
E4,X2_immediate_cost0.0,max_rejection_plateau,10.333333333333334,8.2,12.7,3
E4,X2_immediate_cost0.0,score_welfare_correlation,0.7969409317176899,0.7087558262151946,0.9259831527439814,3
E4,X2_immediate_cost0.0,reversals_adjacent_epoch,10.666666666666666,4.0,22.0,3
E4,X2_immediate_cost0.02,final_W,0.3557323970901132,0.30861102767279625,0.40493903984932633,3
E4,X2_immediate_cost0.02,final_Q,0.5291500661511415,0.4902825042720961,0.5816355927855474,3
E4,X2_immediate_cost0.02,gain_W,0.08238447840381845,0.035263108986501514,0.13159112116303162,3
E4,X2_immediate_cost0.02,mean_W,0.3119841775004915,0.28400629753844414,0.34872634384833984,3
E4,X2_immediate_cost0.02,welfare_area,31.157225510847244,28.38299819935117,34.806838824252466,3
E4,X2_immediate_cost0.02,final_score,0.6781920908640701,0.6521671313699372,0.7059718861208585,3
E4,X2_immediate_cost0.02,final_reference_score,0.6196450707520564,0.5821471582713569,0.661367438040962,3
E4,X2_immediate_cost0.02,final_anchor,0.3,0.3,0.3,3
E4,X2_immediate_cost0.02,final_separation,0.3,0.3,0.3,3
E4,X2_immediate_cost0.02,final_rho_E,0.5567846335051801,0.45730885181753267,0.6268762073308067,3
E4,X2_immediate_cost0.02,accepted_rate,0.4000000000000001,0.381,0.426,3
E4,X2_immediate_cost0.02,false_accept_share,0.13151617863980167,0.08238866396761134,0.18059975520195837,3
E4,X2_immediate_cost0.02,false_reject_rate,0.1366666666666667,0.08600000000000001,0.185,3
E4,X2_immediate_cost0.02,diagnostic_hit_rate,0.24333333333333332,0.15300000000000002,0.315,3
E4,X2_immediate_cost0.02,nonconverged_share,0.0,0.0,0.0,3
E4,X2_immediate_cost0.02,promotion_count,20.0,20.0,20.0,3
E4,X2_immediate_cost0.02,total_cycles,100.0,100.0,100.0,3
E4,X2_immediate_cost0.02,max_rejection_plateau,10.333333333333334,8.2,12.7,3
E4,X2_immediate_cost0.02,score_welfare_correlation,0.7969409317176899,0.7087558262151945,0.9259831527439814,3
E4,X2_immediate_cost0.02,reversals_adjacent_epoch,10.666666666666666,4.0,22.0,3
E4,X3_at_handover_cost0.0,final_W,0.3585662386799522,0.3170333930533934,0.39388625933731963,3
E4,X3_at_handover_cost0.0,final_Q,0.5372388658656408,0.4958092823253903,0.573598164661345,3
E4,X3_at_handover_cost0.0,gain_W,0.08521831999365746,0.0436854743670987,0.12053834065102492,3
E4,X3_at_handover_cost0.0,mean_W,0.3076557185725108,0.28456829924328414,0.32984991618811027,3
E4,X3_at_handover_cost0.0,welfare_area,30.72296269725425,28.434987187144866,32.92472244848552,3
E4,X3_at_handover_cost0.0,final_score,0.7037685556365766,0.6824733075479256,0.734423887938243,3
E4,X3_at_handover_cost0.0,final_reference_score,0.6530138024877741,0.6315848380828502,0.684777302948236,3
E4,X3_at_handover_cost0.0,final_anchor,0.3,0.3,0.3,3
E4,X3_at_handover_cost0.0,final_separation,0.3,0.3,0.3,3
E4,X3_at_handover_cost0.0,final_rho_E,0.5536264597671003,0.46232286827333935,0.6251835716372289,3
E4,X3_at_handover_cost0.0,accepted_rate,0.43,0.377,0.476,3
E4,X3_at_handover_cost0.0,false_accept_share,0.1722802347802348,0.1494318181818182,0.18845208845208847,3
E4,X3_at_handover_cost0.0,false_reject_rate,0.1366666666666667,0.10500000000000001,0.159,3
E4,X3_at_handover_cost0.0,diagnostic_hit_rate,0.27873201134241116,0.24785732950091455,0.3080898876404494,3
E4,X3_at_handover_cost0.0,nonconverged_share,0.0,0.0,0.0,3
E4,X3_at_handover_cost0.0,promotion_count,20.0,20.0,20.0,3
E4,X3_at_handover_cost0.0,total_cycles,100.0,100.0,100.0,3
E4,X3_at_handover_cost0.0,max_rejection_plateau,8.333333333333334,6.3,9.9,3
E4,X3_at_handover_cost0.0,score_welfare_correlation,0.927221257603304,0.920282230209677,0.9366914297927798,3
E4,X3_at_handover_cost0.0,reversals_adjacent_epoch,8.0,5.3,10.7,3
E4,X3_at_handover_cost0.02,final_W,0.3585662386799522,0.3170333930533934,0.39388625933731963,3
E4,X3_at_handover_cost0.02,final_Q,0.5372388658656408,0.4958092823253903,0.573598164661345,3
E4,X3_at_handover_cost0.02,gain_W,0.08521831999365746,0.0436854743670987,0.12053834065102492,3
E4,X3_at_handover_cost0.02,mean_W,0.3076557185725108,0.28456829924328414,0.32984991618811027,3
E4,X3_at_handover_cost0.02,welfare_area,30.72296269725425,28.434987187144866,32.92472244848552,3
E4,X3_at_handover_cost0.02,final_score,0.6977685556365766,0.6764733075479256,0.728423887938243,3
E4,X3_at_handover_cost0.02,final_reference_score,0.6470138024877742,0.6255848380828501,0.678777302948236,3
E4,X3_at_handover_cost0.02,final_anchor,0.3,0.3,0.3,3
E4,X3_at_handover_cost0.02,final_separation,0.3,0.3,0.3,3
E4,X3_at_handover_cost0.02,final_rho_E,0.5536264597671003,0.46232286827333935,0.6251835716372289,3
E4,X3_at_handover_cost0.02,accepted_rate,0.43,0.377,0.476,3
E4,X3_at_handover_cost0.02,false_accept_share,0.1722802347802348,0.1494318181818182,0.18845208845208847,3
E4,X3_at_handover_cost0.02,false_reject_rate,0.1366666666666667,0.10500000000000001,0.159,3
E4,X3_at_handover_cost0.02,diagnostic_hit_rate,0.27873201134241116,0.24785732950091455,0.3080898876404494,3
E4,X3_at_handover_cost0.02,nonconverged_share,0.0,0.0,0.0,3
E4,X3_at_handover_cost0.02,promotion_count,20.0,20.0,20.0,3
E4,X3_at_handover_cost0.02,total_cycles,100.0,100.0,100.0,3
E4,X3_at_handover_cost0.02,max_rejection_plateau,8.333333333333334,6.3,9.9,3
E4,X3_at_handover_cost0.02,score_welfare_correlation,0.9272212576033053,0.9202822302096793,0.936691429792781,3
E4,X3_at_handover_cost0.02,reversals_adjacent_epoch,8.0,5.3,10.7,3
E4,X3_immediate_cost0.0,final_W,0.3585662386799522,0.3170333930533934,0.39388625933731963,3
E4,X3_immediate_cost0.0,final_Q,0.5372388658656408,0.4958092823253903,0.573598164661345,3
E4,X3_immediate_cost0.0,gain_W,0.08521831999365746,0.0436854743670987,0.12053834065102492,3
E4,X3_immediate_cost0.0,mean_W,0.3076557185725108,0.28456829924328414,0.32984991618811027,3
E4,X3_immediate_cost0.0,welfare_area,30.72296269725425,28.434987187144866,32.92472244848552,3
E4,X3_immediate_cost0.0,final_score,0.7037685556365766,0.6824733075479256,0.734423887938243,3
E4,X3_immediate_cost0.0,final_reference_score,0.6530138024877741,0.6315848380828502,0.684777302948236,3
E4,X3_immediate_cost0.0,final_anchor,0.3,0.3,0.3,3
E4,X3_immediate_cost0.0,final_separation,0.3,0.3,0.3,3
E4,X3_immediate_cost0.0,final_rho_E,0.5536264597671003,0.46232286827333935,0.6251835716372289,3
E4,X3_immediate_cost0.0,accepted_rate,0.43,0.377,0.476,3
E4,X3_immediate_cost0.0,false_accept_share,0.1722802347802348,0.1494318181818182,0.18845208845208847,3
E4,X3_immediate_cost0.0,false_reject_rate,0.1366666666666667,0.10500000000000001,0.159,3
E4,X3_immediate_cost0.0,diagnostic_hit_rate,0.27873201134241116,0.24785732950091455,0.3080898876404494,3
E4,X3_immediate_cost0.0,nonconverged_share,0.0,0.0,0.0,3
E4,X3_immediate_cost0.0,promotion_count,20.0,20.0,20.0,3
E4,X3_immediate_cost0.0,total_cycles,100.0,100.0,100.0,3
E4,X3_immediate_cost0.0,max_rejection_plateau,8.333333333333334,6.3,9.9,3
E4,X3_immediate_cost0.0,score_welfare_correlation,0.927221257603304,0.920282230209677,0.9366914297927798,3
E4,X3_immediate_cost0.0,reversals_adjacent_epoch,8.0,5.3,10.7,3
E4,X3_immediate_cost0.02,final_W,0.3585662386799522,0.3170333930533934,0.39388625933731963,3
E4,X3_immediate_cost0.02,final_Q,0.5372388658656408,0.4958092823253903,0.573598164661345,3
E4,X3_immediate_cost0.02,gain_W,0.08521831999365746,0.0436854743670987,0.12053834065102492,3
E4,X3_immediate_cost0.02,mean_W,0.3076557185725108,0.28456829924328414,0.32984991618811027,3
E4,X3_immediate_cost0.02,welfare_area,30.72296269725425,28.434987187144866,32.92472244848552,3
E4,X3_immediate_cost0.02,final_score,0.6977685556365766,0.6764733075479256,0.728423887938243,3
E4,X3_immediate_cost0.02,final_reference_score,0.6470138024877742,0.6255848380828501,0.678777302948236,3
E4,X3_immediate_cost0.02,final_anchor,0.3,0.3,0.3,3
E4,X3_immediate_cost0.02,final_separation,0.3,0.3,0.3,3
E4,X3_immediate_cost0.02,final_rho_E,0.5536264597671003,0.46232286827333935,0.6251835716372289,3
E4,X3_immediate_cost0.02,accepted_rate,0.43,0.377,0.476,3
E4,X3_immediate_cost0.02,false_accept_share,0.1722802347802348,0.1494318181818182,0.18845208845208847,3
E4,X3_immediate_cost0.02,false_reject_rate,0.1366666666666667,0.10500000000000001,0.159,3
E4,X3_immediate_cost0.02,diagnostic_hit_rate,0.27873201134241116,0.24785732950091455,0.3080898876404494,3
E4,X3_immediate_cost0.02,nonconverged_share,0.0,0.0,0.0,3
E4,X3_immediate_cost0.02,promotion_count,20.0,20.0,20.0,3
E4,X3_immediate_cost0.02,total_cycles,100.0,100.0,100.0,3
E4,X3_immediate_cost0.02,max_rejection_plateau,8.333333333333334,6.3,9.9,3
E4,X3_immediate_cost0.02,score_welfare_correlation,0.9272212576033053,0.9202822302096793,0.936691429792781,3
E4,X3_immediate_cost0.02,reversals_adjacent_epoch,8.0,5.3,10.7,3
E4,X4_at_handover_cost0.0,final_W,0.3370992131928368,0.3054302829630636,0.3718274138971252,3
E4,X4_at_handover_cost0.0,final_Q,0.5182175926525071,0.47887034022725594,0.5596795023690236,3
E4,X4_at_handover_cost0.0,gain_W,0.06375129450654206,0.03208236427676893,0.09847949521083049,3
E4,X4_at_handover_cost0.0,mean_W,0.3053825639010492,0.29417366193035727,0.3194279276480569,3
E4,X4_at_handover_cost0.0,welfare_area,30.506380742851643,29.401325010897345,31.893553017200272,3
E4,X4_at_handover_cost0.0,final_score,0.795444815842323,0.7717293524923423,0.8219464681379834,3
E4,X4_at_handover_cost0.0,final_reference_score,0.629984039304306,0.6275270939237868,0.6327301571852749,3
E4,X4_at_handover_cost0.0,final_anchor,0.13333333333333333,0.1,0.18999999999999997,3
E4,X4_at_handover_cost0.0,final_separation,0.06666666666666667,0.0,0.17999999999999997,3
E4,X4_at_handover_cost0.0,final_rho_E,0.7972349003431747,0.6423880051157995,0.8975182782263466,3
E4,X4_at_handover_cost0.0,accepted_rate,0.38000000000000006,0.335,0.425,3
E4,X4_at_handover_cost0.0,false_accept_share,0.16546122176477135,0.11291866028708133,0.206553911205074,3
E4,X4_at_handover_cost0.0,false_reject_rate,0.12666666666666668,0.095,0.149,3
E4,X4_at_handover_cost0.0,diagnostic_hit_rate,0.25914862914862913,0.22370129870129868,0.301,3
E4,X4_at_handover_cost0.0,nonconverged_share,0.0,0.0,0.0,3
E4,X4_at_handover_cost0.0,promotion_count,20.0,20.0,20.0,3
E4,X4_at_handover_cost0.0,total_cycles,100.0,100.0,100.0,3
E4,X4_at_handover_cost0.0,max_rejection_plateau,9.0,9.0,9.0,3
E4,X4_at_handover_cost0.0,score_welfare_correlation,0.8608689064783448,0.786686043256622,0.9215590888190357,3
E4,X4_at_handover_cost0.0,reversals_adjacent_epoch,4.0,2.1,6.6,3
E4,X4_at_handover_cost0.02,final_W,0.3370992131928368,0.3054302829630636,0.3718274138971252,3
E4,X4_at_handover_cost0.02,final_Q,0.5182175926525071,0.47887034022725594,0.5596795023690236,3
E4,X4_at_handover_cost0.02,gain_W,0.06375129450654206,0.03208236427676893,0.09847949521083049,3
E4,X4_at_handover_cost0.02,mean_W,0.3053825639010492,0.29417366193035727,0.3194279276480569,3
E4,X4_at_handover_cost0.02,welfare_area,30.506380742851643,29.401325010897345,31.893553017200272,3
E4,X4_at_handover_cost0.02,final_score,0.7927781491756564,0.7695293524923423,0.8197464681379835,3
E4,X4_at_handover_cost0.02,final_reference_score,0.6239840393043061,0.6215270939237868,0.6267301571852749,3
E4,X4_at_handover_cost0.02,final_anchor,0.13333333333333333,0.1,0.18999999999999997,3
E4,X4_at_handover_cost0.02,final_separation,0.06666666666666667,0.0,0.17999999999999997,3
E4,X4_at_handover_cost0.02,final_rho_E,0.7972349003431747,0.6423880051157995,0.8975182782263466,3
E4,X4_at_handover_cost0.02,accepted_rate,0.38000000000000006,0.335,0.425,3
E4,X4_at_handover_cost0.02,false_accept_share,0.16546122176477135,0.11291866028708133,0.206553911205074,3
E4,X4_at_handover_cost0.02,false_reject_rate,0.12666666666666668,0.095,0.149,3
E4,X4_at_handover_cost0.02,diagnostic_hit_rate,0.25914862914862913,0.22370129870129868,0.301,3
E4,X4_at_handover_cost0.02,nonconverged_share,0.0,0.0,0.0,3
E4,X4_at_handover_cost0.02,promotion_count,20.0,20.0,20.0,3
E4,X4_at_handover_cost0.02,total_cycles,100.0,100.0,100.0,3
E4,X4_at_handover_cost0.02,max_rejection_plateau,9.0,9.0,9.0,3
E4,X4_at_handover_cost0.02,score_welfare_correlation,0.8595388393828293,0.7826053348110535,0.9225120895039822,3
E4,X4_at_handover_cost0.02,reversals_adjacent_epoch,4.0,2.1,6.6,3
E4,X4_immediate_cost0.0,final_W,0.290847884322371,0.28520687505453823,0.2999635963744077,3
E4,X4_immediate_cost0.0,final_Q,0.47820531841081193,0.47403424193812865,0.4816416323633139,3
E4,X4_immediate_cost0.0,gain_W,0.01749996563607631,0.011858956368243495,0.026615677688113026,3
E4,X4_immediate_cost0.0,mean_W,0.29320729985943794,0.28578728093688793,0.2980678790994234,3
E4,X4_immediate_cost0.0,welfare_area,29.311980003125754,28.57167784292133,29.80007623324865,3
E4,X4_immediate_cost0.0,final_score,0.8014381743207671,0.7530625165026585,0.8381756650012108,3
E4,X4_immediate_cost0.0,final_reference_score,0.6056410112085603,0.5739593989795829,0.629039190050195,3
E4,X4_immediate_cost0.0,final_anchor,0.10000000000000002,0.010000000000000004,0.18999999999999997,3
E4,X4_immediate_cost0.0,final_separation,0.0,0.0,0.0,3
E4,X4_immediate_cost0.0,final_rho_E,0.853734340542502,0.8261357710801019,0.8936183685480816,3
E4,X4_immediate_cost0.0,accepted_rate,0.39333333333333337,0.372,0.417,3
E4,X4_immediate_cost0.0,false_accept_share,0.17844767844767842,0.16794871794871793,0.18821898821898822,3
E4,X4_immediate_cost0.0,false_reject_rate,0.14333333333333334,0.114,0.168,3
E4,X4_immediate_cost0.0,diagnostic_hit_rate,0.22454184704184707,0.208262987012987,0.24925000000000003,3
E4,X4_immediate_cost0.0,nonconverged_share,0.0,0.0,0.0,3
E4,X4_immediate_cost0.0,promotion_count,20.0,20.0,20.0,3
E4,X4_immediate_cost0.0,total_cycles,100.0,100.0,100.0,3
E4,X4_immediate_cost0.0,max_rejection_plateau,9.666666666666666,7.2,12.6,3
E4,X4_immediate_cost0.0,score_welfare_correlation,0.5450021299007143,0.4535314498475342,0.6144391020242694,3
E4,X4_immediate_cost0.0,reversals_adjacent_epoch,2.6666666666666665,1.1,4.699999999999999,3
E4,X4_immediate_cost0.02,final_W,0.290847884322371,0.28520687505453823,0.2999635963744077,3
E4,X4_immediate_cost0.02,final_Q,0.47820531841081193,0.47403424193812865,0.4816416323633139,3
E4,X4_immediate_cost0.02,gain_W,0.01749996563607631,0.011858956368243495,0.026615677688113026,3
E4,X4_immediate_cost0.02,mean_W,0.29320729985943794,0.28578728093688793,0.2980678790994234,3
E4,X4_immediate_cost0.02,welfare_area,29.311980003125754,28.57167784292133,29.80007623324865,3
E4,X4_immediate_cost0.02,final_score,0.799438174320767,0.7492625165026585,0.8379756650012108,3
E4,X4_immediate_cost0.02,final_reference_score,0.5996410112085603,0.5679593989795829,0.623039190050195,3
E4,X4_immediate_cost0.02,final_anchor,0.10000000000000002,0.010000000000000004,0.18999999999999997,3
E4,X4_immediate_cost0.02,final_separation,0.0,0.0,0.0,3
E4,X4_immediate_cost0.02,final_rho_E,0.853734340542502,0.8261357710801019,0.8936183685480816,3
E4,X4_immediate_cost0.02,accepted_rate,0.39333333333333337,0.372,0.417,3
E4,X4_immediate_cost0.02,false_accept_share,0.17844767844767842,0.16794871794871793,0.18821898821898822,3
E4,X4_immediate_cost0.02,false_reject_rate,0.14333333333333334,0.114,0.168,3
E4,X4_immediate_cost0.02,diagnostic_hit_rate,0.22454184704184707,0.208262987012987,0.24925000000000003,3
E4,X4_immediate_cost0.02,nonconverged_share,0.0,0.0,0.0,3
E4,X4_immediate_cost0.02,promotion_count,20.0,20.0,20.0,3
E4,X4_immediate_cost0.02,total_cycles,100.0,100.0,100.0,3
E4,X4_immediate_cost0.02,max_rejection_plateau,9.666666666666666,7.2,12.6,3
E4,X4_immediate_cost0.02,score_welfare_correlation,0.5435312954777225,0.45529051986398106,0.6085154793936545,3
E4,X4_immediate_cost0.02,reversals_adjacent_epoch,2.6666666666666665,1.1,4.699999999999999,3
E6,m1000_delta0.005_crnFalse,final_W,0.3441426887004873,0.31382675134117066,0.36764057920332077,3
E6,m1000_delta0.005_crnFalse,final_Q,0.5184834251350988,0.49600145392345235,0.5351962449070432,3
E6,m1000_delta0.005_crnFalse,gain_W,0.07079477001419258,0.040478832654875965,0.09429266051702606,3
E6,m1000_delta0.005_crnFalse,mean_W,0.31576536499617164,0.301947814076239,0.3250898485091247,3
E6,m1000_delta0.005_crnFalse,welfare_area,31.541139114610075,30.173777667765076,32.46795310890507,3
E6,m1000_delta0.005_crnFalse,final_score,0.6843411785140489,0.6499721211912994,0.7107949420834198,3
E6,m1000_delta0.005_crnFalse,final_reference_score,0.6278134429777036,0.590826194145331,0.6508870390665555,3
E6,m1000_delta0.005_crnFalse,final_anchor,0.3,0.3,0.3,3
E6,m1000_delta0.005_crnFalse,final_separation,0.3,0.3,0.3,3
E6,m1000_delta0.005_crnFalse,final_rho_E,0.5809832156876579,0.4976546823566763,0.63,3
E6,m1000_delta0.005_crnFalse,accepted_rate,0.33,0.302,0.365,3
E6,m1000_delta0.005_crnFalse,false_accept_share,0.1588963963963964,0.10875,0.18902027027027027,3
E6,m1000_delta0.005_crnFalse,false_reject_rate,0.15666666666666668,0.125,0.179,3
E6,m1000_delta0.005_crnFalse,diagnostic_hit_rate,0.20000000000000004,0.191,0.209,3
E6,m1000_delta0.005_crnFalse,nonconverged_share,0.0,0.0,0.0,3
E6,m1000_delta0.005_crnFalse,promotion_count,20.0,20.0,20.0,3
E6,m1000_delta0.005_crnFalse,total_cycles,100.0,100.0,100.0,3
E6,m1000_delta0.005_crnFalse,max_rejection_plateau,8.333333333333334,7.2,9.0,3
E6,m1000_delta0.005_crnFalse,score_welfare_correlation,0.7820473830654304,0.5468476675668398,0.9538112837010573,3
E6,m1000_delta0.005_crnFalse,reversals_adjacent_epoch,5.666666666666667,1.3,11.2,3
E6,m1000_delta0.005_crnTrue,final_W,0.286351843389332,0.2752985073917503,0.2928538057408506,3
E6,m1000_delta0.005_crnTrue,final_Q,0.43635184338933203,0.42529850739175035,0.44285380574085065,3
E6,m1000_delta0.005_crnTrue,gain_W,0.013003924703037276,0.0019505887054555916,0.019505887054555915,3
E6,m1000_delta0.005_crnTrue,mean_W,0.2757635421366647,0.2736850435738807,0.2771731029016064,3
E6,m1000_delta0.005_crnTrue,welfare_area,27.569852251314952,27.367529063035338,27.707557346633365,3
E6,m1000_delta0.005_crnTrue,final_score,0.6419928071354911,0.638114366390555,0.6442742428678065,3
E6,m1000_delta0.005_crnTrue,final_reference_score,0.6419928071354911,0.638114366390555,0.6442742428678065,3
E6,m1000_delta0.005_crnTrue,final_anchor,0.3,0.3,0.3,3
E6,m1000_delta0.005_crnTrue,final_separation,0.3,0.3,0.3,3
E6,m1000_delta0.005_crnTrue,final_rho_E,0.63,0.63,0.63,3
E6,m1000_delta0.005_crnTrue,accepted_rate,0.013333333333333334,0.002,0.02,3
E6,m1000_delta0.005_crnTrue,false_accept_share,0.0,0.0,0.0,2
E6,m1000_delta0.005_crnTrue,false_reject_rate,0.24,0.211,0.283,3
E6,m1000_delta0.005_crnTrue,diagnostic_hit_rate,0.2333333333333333,0.195,0.267,3
E6,m1000_delta0.005_crnTrue,nonconverged_share,0.0,0.0,0.0,3
E6,m1000_delta0.005_crnTrue,promotion_count,20.0,20.0,20.0,3
E6,m1000_delta0.005_crnTrue,total_cycles,100.0,100.0,100.0,3
E6,m1000_delta0.005_crnTrue,max_rejection_plateau,82.33333333333333,68.3,98.0,3
E6,m1000_delta0.005_crnTrue,score_welfare_correlation,0.9999083013484094,0.9998741890599706,0.999942413636848,2
E6,m1000_delta0.005_crnTrue,reversals_adjacent_epoch,0.0,0.0,0.0,3
E6,m1000_delta0.02_crnFalse,final_W,0.30718949430985437,0.28631342465843385,0.3291079251981152,3
E6,m1000_delta0.02_crnFalse,final_Q,0.4603518379582719,0.4370084872367616,0.48411293539048617,3
E6,m1000_delta0.02_crnFalse,gain_W,0.03384157562355964,0.01296550597213913,0.055760006511820503,3
E6,m1000_delta0.02_crnFalse,mean_W,0.2858629795682401,0.27554681539210596,0.29931991441217687,3
E6,m1000_delta0.02_crnFalse,welfare_area,28.569377169012228,27.54819878622453,29.90411143796178,3
E6,m1000_delta0.02_crnFalse,final_score,0.6588634121578797,0.6435437135825672,0.6725751206478414,3
E6,m1000_delta0.02_crnFalse,final_reference_score,0.6376951848875966,0.6368688866260774,0.6389992953909869,3
E6,m1000_delta0.02_crnFalse,final_anchor,0.3,0.3,0.3,3
E6,m1000_delta0.02_crnFalse,final_separation,0.3,0.3,0.3,3
E6,m1000_delta0.02_crnFalse,final_rho_E,0.63,0.63,0.63,3
E6,m1000_delta0.02_crnFalse,accepted_rate,0.11333333333333333,0.081,0.162,3
E6,m1000_delta0.02_crnFalse,false_accept_share,0.11574074074074074,0.0125,0.21249999999999997,3
E6,m1000_delta0.02_crnFalse,false_reject_rate,0.013333333333333334,0.001,0.027999999999999997,3
E6,m1000_delta0.02_crnFalse,diagnostic_hit_rate,0.16333333333333333,0.123,0.213,3
E6,m1000_delta0.02_crnFalse,nonconverged_share,0.0,0.0,0.0,3
E6,m1000_delta0.02_crnFalse,promotion_count,20.0,20.0,20.0,3
E6,m1000_delta0.02_crnFalse,total_cycles,100.0,100.0,100.0,3
E6,m1000_delta0.02_crnFalse,max_rejection_plateau,32.333333333333336,21.7,39.7,3
E6,m1000_delta0.02_crnFalse,score_welfare_correlation,0.9391082444820044,0.8708601489258198,0.9825341524490152,3
E6,m1000_delta0.02_crnFalse,reversals_adjacent_epoch,1.0,0.0,2.6999999999999997,3
E6,m1000_delta0.02_crnTrue,final_W,0.2733479186862947,0.2733479186862947,0.2733479186862947,3
E6,m1000_delta0.02_crnTrue,final_Q,0.42334791868629473,0.42334791868629473,0.42334791868629473,3
E6,m1000_delta0.02_crnTrue,gain_W,0.0,0.0,0.0,3
E6,m1000_delta0.02_crnTrue,mean_W,0.27334791868629477,0.27334791868629477,0.27334791868629477,3
E6,m1000_delta0.02_crnTrue,welfare_area,27.334791868629477,27.334791868629477,27.334791868629477,3
E6,m1000_delta0.02_crnTrue,final_score,0.6374299356708604,0.6374299356708604,0.6374299356708604,3
E6,m1000_delta0.02_crnTrue,final_reference_score,0.6374299356708604,0.6374299356708604,0.6374299356708604,3
E6,m1000_delta0.02_crnTrue,final_anchor,0.3,0.3,0.3,3
E6,m1000_delta0.02_crnTrue,final_separation,0.3,0.3,0.3,3
E6,m1000_delta0.02_crnTrue,final_rho_E,0.63,0.63,0.63,3
E6,m1000_delta0.02_crnTrue,accepted_rate,0.0,0.0,0.0,3
E6,m1000_delta0.02_crnTrue,false_accept_share,,,,0
E6,m1000_delta0.02_crnTrue,false_reject_rate,0.0033333333333333335,0.0,0.009,3
E6,m1000_delta0.02_crnTrue,diagnostic_hit_rate,0.22333333333333336,0.168,0.267,3
E6,m1000_delta0.02_crnTrue,nonconverged_share,0.0,0.0,0.0,3
E6,m1000_delta0.02_crnTrue,promotion_count,20.0,20.0,20.0,3
E6,m1000_delta0.02_crnTrue,total_cycles,100.0,100.0,100.0,3
E6,m1000_delta0.02_crnTrue,max_rejection_plateau,100.0,100.0,100.0,3
E6,m1000_delta0.02_crnTrue,score_welfare_correlation,,,,0
E6,m1000_delta0.02_crnTrue,reversals_adjacent_epoch,0.0,0.0,0.0,3
E6,m1000_delta0.0_crnFalse,final_W,0.37649310432614874,0.3428538592367268,0.3972239797768882,3
E6,m1000_delta0.0_crnFalse,final_Q,0.547561533390497,0.506684567426877,0.5722235601715268,3
E6,m1000_delta0.0_crnFalse,gain_W,0.10314518563985403,0.06950594055043209,0.12387606109059351,3
E6,m1000_delta0.0_crnFalse,mean_W,0.3220610842293436,0.3010981391505815,0.33589049977574076,3
E6,m1000_delta0.0_crnFalse,welfare_area,32.15453583011443,30.075060944782933,33.52711194702878,3
E6,m1000_delta0.0_crnFalse,final_score,0.6870427549075573,0.667015983572002,0.7037317701466894,3
E6,m1000_delta0.0_crnFalse,final_reference_score,0.63929209465467,0.5996454970485081,0.6687994457871029,3
E6,m1000_delta0.0_crnFalse,final_anchor,0.3,0.3,0.3,3
E6,m1000_delta0.0_crnFalse,final_separation,0.3,0.3,0.3,3
E6,m1000_delta0.0_crnFalse,final_rho_E,0.47525792142375395,0.3172973851840702,0.6168623753325082,3
E6,m1000_delta0.0_crnFalse,accepted_rate,0.3833333333333333,0.363,0.399,3
E6,m1000_delta0.0_crnFalse,false_accept_share,0.08796296296296297,0.0125,0.1375,3
E6,m1000_delta0.0_crnFalse,false_reject_rate,0.31666666666666665,0.311,0.32,3
E6,m1000_delta0.0_crnFalse,diagnostic_hit_rate,0.22,0.163,0.298,3
E6,m1000_delta0.0_crnFalse,nonconverged_share,0.0,0.0,0.0,3
E6,m1000_delta0.0_crnFalse,promotion_count,20.0,20.0,20.0,3
E6,m1000_delta0.0_crnFalse,total_cycles,100.0,100.0,100.0,3
E6,m1000_delta0.0_crnFalse,max_rejection_plateau,8.0,7.1,8.9,3
E6,m1000_delta0.0_crnFalse,score_welfare_correlation,0.8026714324154405,0.6621851488225072,0.9336325673135194,3
E6,m1000_delta0.0_crnFalse,reversals_adjacent_epoch,5.666666666666667,2.4,8.7,3
E6,m1000_delta0.0_crnTrue,final_W,0.30082402621119914,0.29948833502409483,0.3030947012292763,3
E6,m1000_delta0.0_crnTrue,final_Q,0.4508240262111991,0.44948833502409485,0.4530947012292763,3
E6,m1000_delta0.0_crnTrue,gain_W,0.02747610752490437,0.02614041633780012,0.029746782542981593,3
E6,m1000_delta0.0_crnTrue,mean_W,0.28672935956705076,0.2804373203661475,0.2970849923974237,3
E6,m1000_delta0.0_crnTrue,welfare_area,28.659197902942623,28.030661828445854,29.69362584847088,3
E6,m1000_delta0.0_crnTrue,final_score,0.6464626717400218,0.6462254130195876,0.6468660115647599,3
E6,m1000_delta0.0_crnTrue,final_reference_score,0.6464626717400218,0.6462254130195876,0.6468660115647599,3
E6,m1000_delta0.0_crnTrue,final_anchor,0.3,0.3,0.3,3
E6,m1000_delta0.0_crnTrue,final_separation,0.3,0.3,0.3,3
E6,m1000_delta0.0_crnTrue,final_rho_E,0.63,0.63,0.63,3
E6,m1000_delta0.0_crnTrue,accepted_rate,0.03,0.021,0.039,3
E6,m1000_delta0.0_crnTrue,false_accept_share,0.0,0.0,0.0,3
E6,m1000_delta0.0_crnTrue,false_reject_rate,0.41333333333333333,0.366,0.456,3
E6,m1000_delta0.0_crnTrue,diagnostic_hit_rate,0.22666666666666668,0.203,0.248,3
E6,m1000_delta0.0_crnTrue,nonconverged_share,0.0,0.0,0.0,3
E6,m1000_delta0.0_crnTrue,promotion_count,20.0,20.0,20.0,3
E6,m1000_delta0.0_crnTrue,total_cycles,100.0,100.0,100.0,3
E6,m1000_delta0.0_crnTrue,max_rejection_plateau,67.0,58.9,75.1,3
E6,m1000_delta0.0_crnTrue,score_welfare_correlation,0.999166216058874,0.9983917485769315,0.999701329474857,3
E6,m1000_delta0.0_crnTrue,reversals_adjacent_epoch,0.3333333333333333,0.0,0.8999999999999999,3
E6,m200_delta0.005_crnFalse,final_W,0.3557323970901132,0.30861102767279625,0.40493903984932633,3
E6,m200_delta0.005_crnFalse,final_Q,0.5291500661511415,0.4902825042720961,0.5816355927855474,3
E6,m200_delta0.005_crnFalse,gain_W,0.08238447840381845,0.035263108986501514,0.13159112116303162,3
E6,m200_delta0.005_crnFalse,mean_W,0.3119841775004915,0.28400629753844414,0.34872634384833984,3
E6,m200_delta0.005_crnFalse,welfare_area,31.157225510847244,28.38299819935117,34.806838824252466,3
E6,m200_delta0.005_crnFalse,final_score,0.6781920908640701,0.6521671313699372,0.7059718861208585,3
E6,m200_delta0.005_crnFalse,final_reference_score,0.6196450707520564,0.5821471582713569,0.661367438040962,3
E6,m200_delta0.005_crnFalse,final_anchor,0.3,0.3,0.3,3
E6,m200_delta0.005_crnFalse,final_separation,0.3,0.3,0.3,3
E6,m200_delta0.005_crnFalse,final_rho_E,0.5567846335051801,0.45730885181753267,0.6268762073308067,3
E6,m200_delta0.005_crnFalse,accepted_rate,0.4000000000000001,0.381,0.426,3
E6,m200_delta0.005_crnFalse,false_accept_share,0.13151617863980167,0.08238866396761134,0.18059975520195837,3
E6,m200_delta0.005_crnFalse,false_reject_rate,0.1366666666666667,0.08600000000000001,0.185,3
E6,m200_delta0.005_crnFalse,diagnostic_hit_rate,0.24333333333333332,0.15300000000000002,0.315,3
E6,m200_delta0.005_crnFalse,nonconverged_share,0.0,0.0,0.0,3
E6,m200_delta0.005_crnFalse,promotion_count,20.0,20.0,20.0,3
E6,m200_delta0.005_crnFalse,total_cycles,100.0,100.0,100.0,3
E6,m200_delta0.005_crnFalse,max_rejection_plateau,10.333333333333334,8.2,12.7,3
E6,m200_delta0.005_crnFalse,score_welfare_correlation,0.7969409317176899,0.7087558262151945,0.9259831527439814,3
E6,m200_delta0.005_crnFalse,reversals_adjacent_epoch,10.666666666666666,4.0,22.0,3
E6,m200_delta0.005_crnTrue,final_W,0.2972768252630134,0.29351725866917505,0.29948833502409483,3
E6,m200_delta0.005_crnTrue,final_Q,0.4472768252630135,0.4435172586691751,0.44948833502409485,3
E6,m200_delta0.005_crnTrue,gain_W,0.023928906576718718,0.020169339982880334,0.02614041633780012,3
E6,m200_delta0.005_crnTrue,mean_W,0.28452200767478675,0.2787570871290835,0.2941202510576766,3
E6,m200_delta0.005_crnTrue,welfare_area,28.440236314190315,27.865624042916906,29.398954897598752,3
E6,m200_delta0.005_crnTrue,final_score,0.6455750229689939,0.6444693598829847,0.6462254130195876,3
E6,m200_delta0.005_crnTrue,final_reference_score,0.6455750229689939,0.6444693598829847,0.6462254130195876,3
E6,m200_delta0.005_crnTrue,final_anchor,0.3,0.3,0.3,3
E6,m200_delta0.005_crnTrue,final_separation,0.3,0.3,0.3,3
E6,m200_delta0.005_crnTrue,final_rho_E,0.63,0.63,0.63,3
E6,m200_delta0.005_crnTrue,accepted_rate,0.02666666666666667,0.021,0.03,3
E6,m200_delta0.005_crnTrue,false_accept_share,0.0,0.0,0.0,3
E6,m200_delta0.005_crnTrue,false_reject_rate,0.22666666666666666,0.192,0.273,3
E6,m200_delta0.005_crnTrue,diagnostic_hit_rate,0.24,0.187,0.286,3
E6,m200_delta0.005_crnTrue,nonconverged_share,0.0,0.0,0.0,3
E6,m200_delta0.005_crnTrue,promotion_count,20.0,20.0,20.0,3
E6,m200_delta0.005_crnTrue,total_cycles,100.0,100.0,100.0,3
E6,m200_delta0.005_crnTrue,max_rejection_plateau,68.66666666666667,58.9,79.6,3
E6,m200_delta0.005_crnTrue,score_welfare_correlation,0.9996396306506309,0.9993188006245928,0.999903084536876,3
E6,m200_delta0.005_crnTrue,reversals_adjacent_epoch,0.0,0.0,0.0,3
E6,m200_delta0.02_crnFalse,final_W,0.3156516088171524,0.27940522245353505,0.34268003540448216,3
E6,m200_delta0.02_crnFalse,final_Q,0.4790283752427363,0.43919318597945306,0.5101452557905289,3
E6,m200_delta0.02_crnFalse,gain_W,0.04230369013085766,0.0060573037672403355,0.06933211671818745,3
E6,m200_delta0.02_crnFalse,mean_W,0.2919982449802366,0.2741210849379334,0.31034178474592555,3
E6,m200_delta0.02_crnFalse,welfare_area,29.17867265295823,27.40907984190972,30.999512416233465,3
E6,m200_delta0.02_crnFalse,final_score,0.6520540020214608,0.6353162115908156,0.6783354190776241,3
E6,m200_delta0.02_crnFalse,final_reference_score,0.5979079049737565,0.5683554491907087,0.6183453085335642,3
E6,m200_delta0.02_crnFalse,final_anchor,0.3,0.3,0.3,3
E6,m200_delta0.02_crnFalse,final_separation,0.3,0.3,0.3,3
E6,m200_delta0.02_crnFalse,final_rho_E,0.585272466611732,0.5591839795455559,0.623756460038265,3
E6,m200_delta0.02_crnFalse,accepted_rate,0.27666666666666667,0.217,0.334,3
E6,m200_delta0.02_crnFalse,false_accept_share,0.23342670401493928,0.18263305322128853,0.28095238095238095,3
E6,m200_delta0.02_crnFalse,false_reject_rate,0.006666666666666667,0.001,0.01,3
E6,m200_delta0.02_crnFalse,diagnostic_hit_rate,0.20666666666666667,0.184,0.22,3
E6,m200_delta0.02_crnFalse,nonconverged_share,0.0,0.0,0.0,3
E6,m200_delta0.02_crnFalse,promotion_count,20.0,20.0,20.0,3
E6,m200_delta0.02_crnFalse,total_cycles,100.0,100.0,100.0,3
E6,m200_delta0.02_crnFalse,max_rejection_plateau,12.0,7.4,17.3,3
E6,m200_delta0.02_crnFalse,score_welfare_correlation,0.69261628161784,0.4616604003306774,0.8682252208379546,3
E6,m200_delta0.02_crnFalse,reversals_adjacent_epoch,1.6666666666666667,0.2,2.9,3
E6,m200_delta0.02_crnTrue,final_W,0.2733479186862947,0.2733479186862947,0.2733479186862947,3
E6,m200_delta0.02_crnTrue,final_Q,0.42334791868629473,0.42334791868629473,0.42334791868629473,3
E6,m200_delta0.02_crnTrue,gain_W,0.0,0.0,0.0,3
E6,m200_delta0.02_crnTrue,mean_W,0.27334791868629477,0.27334791868629477,0.27334791868629477,3
E6,m200_delta0.02_crnTrue,welfare_area,27.334791868629477,27.334791868629477,27.334791868629477,3
E6,m200_delta0.02_crnTrue,final_score,0.6374299356708604,0.6374299356708604,0.6374299356708604,3
E6,m200_delta0.02_crnTrue,final_reference_score,0.6374299356708604,0.6374299356708604,0.6374299356708604,3
E6,m200_delta0.02_crnTrue,final_anchor,0.3,0.3,0.3,3
E6,m200_delta0.02_crnTrue,final_separation,0.3,0.3,0.3,3
E6,m200_delta0.02_crnTrue,final_rho_E,0.63,0.63,0.63,3
E6,m200_delta0.02_crnTrue,accepted_rate,0.0,0.0,0.0,3
E6,m200_delta0.02_crnTrue,false_accept_share,,,,0
E6,m200_delta0.02_crnTrue,false_reject_rate,0.0033333333333333335,0.0,0.009,3
E6,m200_delta0.02_crnTrue,diagnostic_hit_rate,0.22333333333333336,0.168,0.267,3
E6,m200_delta0.02_crnTrue,nonconverged_share,0.0,0.0,0.0,3
E6,m200_delta0.02_crnTrue,promotion_count,20.0,20.0,20.0,3
E6,m200_delta0.02_crnTrue,total_cycles,100.0,100.0,100.0,3
E6,m200_delta0.02_crnTrue,max_rejection_plateau,100.0,100.0,100.0,3
E6,m200_delta0.02_crnTrue,score_welfare_correlation,,,,0
E6,m200_delta0.02_crnTrue,reversals_adjacent_epoch,0.0,0.0,0.0,3
E6,m200_delta0.0_crnFalse,final_W,0.3577235831270425,0.3108704420662283,0.40805582775560345,3
E6,m200_delta0.0_crnFalse,final_Q,0.5314672341838724,0.49328902125474783,0.5848854294912691,3
E6,m200_delta0.0_crnFalse,gain_W,0.08437566444074777,0.037522523379933594,0.1347079090693087,3
E6,m200_delta0.0_crnFalse,mean_W,0.3129153281040447,0.2842895089306721,0.35095723908570553,3
E6,m200_delta0.0_crnFalse,welfare_area,31.249344978184098,28.41018963137725,35.028369954035895,3
E6,m200_delta0.0_crnFalse,final_score,0.6891267773593307,0.656366938741141,0.7312957322868585,3
E6,m200_delta0.0_crnFalse,final_reference_score,0.6281848283654295,0.5822297631905964,0.6837639442431533,3
E6,m200_delta0.0_crnFalse,final_anchor,0.3,0.3,0.3,3
E6,m200_delta0.0_crnFalse,final_separation,0.3,0.3,0.3,3
E6,m200_delta0.0_crnFalse,final_rho_E,0.595710379727922,0.5624083666189355,0.6268762073308067,3
E6,m200_delta0.0_crnFalse,accepted_rate,0.4000000000000001,0.381,0.426,3
E6,m200_delta0.0_crnFalse,false_accept_share,0.13106633608469595,0.08387314439946018,0.18026237328562908,3
E6,m200_delta0.0_crnFalse,false_reject_rate,0.2966666666666667,0.281,0.317,3
E6,m200_delta0.0_crnFalse,diagnostic_hit_rate,0.23666666666666666,0.15400000000000003,0.289,3
E6,m200_delta0.0_crnFalse,nonconverged_share,0.0,0.0,0.0,3
E6,m200_delta0.0_crnFalse,promotion_count,20.0,20.0,20.0,3
E6,m200_delta0.0_crnFalse,total_cycles,100.0,100.0,100.0,3
E6,m200_delta0.0_crnFalse,max_rejection_plateau,10.333333333333334,8.2,12.7,3
E6,m200_delta0.0_crnFalse,score_welfare_correlation,0.7964102516181123,0.7126526090280957,0.8933760539719127,3
E6,m200_delta0.0_crnFalse,reversals_adjacent_epoch,11.666666666666666,4.3,22.299999999999997,3
E6,m200_delta0.0_crnTrue,final_W,0.2972768252630134,0.29351725866917505,0.29948833502409483,3
E6,m200_delta0.0_crnTrue,final_Q,0.4472768252630135,0.4435172586691751,0.44948833502409485,3
E6,m200_delta0.0_crnTrue,gain_W,0.023928906576718718,0.020169339982880334,0.02614041633780012,3
E6,m200_delta0.0_crnTrue,mean_W,0.28463976957146503,0.27879241569808694,0.2941555796266801,3
E6,m200_delta0.0_crnTrue,welfare_area,28.452012503858143,27.869156899817256,29.402487754499102,3
E6,m200_delta0.0_crnTrue,final_score,0.6455750229689939,0.6444693598829847,0.6462254130195876,3
E6,m200_delta0.0_crnTrue,final_reference_score,0.6455750229689939,0.6444693598829847,0.6462254130195876,3
E6,m200_delta0.0_crnTrue,final_anchor,0.3,0.3,0.3,3
E6,m200_delta0.0_crnTrue,final_separation,0.3,0.3,0.3,3
E6,m200_delta0.0_crnTrue,final_rho_E,0.63,0.63,0.63,3
E6,m200_delta0.0_crnTrue,accepted_rate,0.02666666666666667,0.021,0.03,3
E6,m200_delta0.0_crnTrue,false_accept_share,0.0,0.0,0.0,3
E6,m200_delta0.0_crnTrue,false_reject_rate,0.4366666666666667,0.387,0.477,3
E6,m200_delta0.0_crnTrue,diagnostic_hit_rate,0.24333333333333332,0.196,0.286,3
E6,m200_delta0.0_crnTrue,nonconverged_share,0.0,0.0,0.0,3
E6,m200_delta0.0_crnTrue,promotion_count,20.0,20.0,20.0,3
E6,m200_delta0.0_crnTrue,total_cycles,100.0,100.0,100.0,3
E6,m200_delta0.0_crnTrue,max_rejection_plateau,68.66666666666667,58.9,79.6,3
E6,m200_delta0.0_crnTrue,score_welfare_correlation,0.9996745245927032,0.999413014268188,0.999903084536876,3
E6,m200_delta0.0_crnTrue,reversals_adjacent_epoch,0.0,0.0,0.0,3
E6,m50_delta0.005_crnFalse,final_W,0.29300819008546736,0.2651754625783173,0.33347082483340096,3
E6,m50_delta0.005_crnFalse,final_Q,0.4763441245884959,0.45335116283145527,0.5026846670292469,3
E6,m50_delta0.005_crnFalse,gain_W,0.019660271399172702,-0.0081724561079774,0.06012290614710625,3
E6,m50_delta0.005_crnFalse,mean_W,0.2859317899766247,0.27205587541176307,0.3047565256468491,3
E6,m50_delta0.005_crnFalse,welfare_area,28.58334886196289,27.205322656840313,30.44613500066011,3
E6,m50_delta0.005_crnFalse,final_score,0.6187432522389494,0.5696122309946043,0.6671587335857658,3
E6,m50_delta0.005_crnFalse,final_reference_score,0.544710349126507,0.5050221380379775,0.6018764671043779,3
E6,m50_delta0.005_crnFalse,final_anchor,0.3,0.3,0.3,3
E6,m50_delta0.005_crnFalse,final_separation,0.3,0.3,0.3,3
E6,m50_delta0.005_crnFalse,final_rho_E,0.5512548688380782,0.4543619460057293,0.6253782749821353,3
E6,m50_delta0.005_crnFalse,accepted_rate,0.3866666666666667,0.354,0.417,3
E6,m50_delta0.005_crnFalse,false_accept_share,0.2338217338217338,0.16465201465201465,0.2833333333333333,3
E6,m50_delta0.005_crnFalse,false_reject_rate,0.12,0.065,0.182,3
E6,m50_delta0.005_crnFalse,diagnostic_hit_rate,0.17,0.10600000000000001,0.241,3
E6,m50_delta0.005_crnFalse,nonconverged_share,0.0,0.0,0.0,3
E6,m50_delta0.005_crnFalse,promotion_count,20.0,20.0,20.0,3
E6,m50_delta0.005_crnFalse,total_cycles,100.0,100.0,100.0,3
E6,m50_delta0.005_crnFalse,max_rejection_plateau,10.0,8.1,12.6,3
E6,m50_delta0.005_crnFalse,score_welfare_correlation,0.3612915334733007,-0.09353789315200914,0.7838840413868168,3
E6,m50_delta0.005_crnFalse,reversals_adjacent_epoch,8.666666666666666,5.4,11.7,3
E6,m50_delta0.005_crnTrue,final_W,0.27690583362085636,0.2733479186862947,0.2829542890096112,3
E6,m50_delta0.005_crnTrue,final_Q,0.42690583362085643,0.42334791868629473,0.43295428900961125,3
E6,m50_delta0.005_crnTrue,gain_W,0.0035579149345616643,0.0,0.009606370323316493,3
E6,m50_delta0.005_crnTrue,mean_W,0.27651446297805465,0.27334791868629477,0.2818975882740464,3
E6,m50_delta0.005_crnTrue,welfare_area,27.649667340338183,27.334791868629477,28.18495564224298,3
E6,m50_delta0.005_crnTrue,final_score,0.6387154368926268,0.6374299356708604,0.6409007889696297,3
E6,m50_delta0.005_crnTrue,final_reference_score,0.6387154368926268,0.6374299356708604,0.6409007889696297,3
E6,m50_delta0.005_crnTrue,final_anchor,0.3,0.3,0.3,3
E6,m50_delta0.005_crnTrue,final_separation,0.3,0.3,0.3,3
E6,m50_delta0.005_crnTrue,final_rho_E,0.63,0.63,0.63,3
E6,m50_delta0.005_crnTrue,accepted_rate,0.0033333333333333335,0.0,0.009,3
E6,m50_delta0.005_crnTrue,false_accept_share,0.0,0.0,0.0,1
E6,m50_delta0.005_crnTrue,false_reject_rate,0.27666666666666667,0.181,0.433,3
E6,m50_delta0.005_crnTrue,diagnostic_hit_rate,0.20666666666666667,0.166,0.238,3
E6,m50_delta0.005_crnTrue,nonconverged_share,0.0,0.0,0.0,3
E6,m50_delta0.005_crnTrue,promotion_count,20.0,20.0,20.0,3
E6,m50_delta0.005_crnTrue,total_cycles,100.0,100.0,100.0,3
E6,m50_delta0.005_crnTrue,max_rejection_plateau,96.0,89.2,100.0,3
E6,m50_delta0.005_crnTrue,score_welfare_correlation,0.9999999999999948,0.9999999999999948,0.9999999999999948,1
E6,m50_delta0.005_crnTrue,reversals_adjacent_epoch,0.0,0.0,0.0,3
E6,m50_delta0.02_crnFalse,final_W,0.30216754986979727,0.27119888460673713,0.3396477612999934,3
E6,m50_delta0.02_crnFalse,final_Q,0.4754813307322254,0.4552543109268131,0.5042689478863117,3
E6,m50_delta0.02_crnFalse,gain_W,0.02881963118350254,-0.0021490340795575877,0.06629984261369873,3
E6,m50_delta0.02_crnFalse,mean_W,0.2875554074090614,0.27425685472748657,0.3060958206545895,3
E6,m50_delta0.02_crnFalse,welfare_area,28.74113092531439,27.417130453587163,30.57763583617726,3
E6,m50_delta0.02_crnFalse,final_score,0.6335997665058373,0.5961174227833986,0.6772639459870017,3
E6,m50_delta0.02_crnFalse,final_reference_score,0.5894940566318422,0.5611856289392134,0.6165875811953152,3
E6,m50_delta0.02_crnFalse,final_anchor,0.3,0.3,0.3,3
E6,m50_delta0.02_crnFalse,final_separation,0.3,0.3,0.3,3
E6,m50_delta0.02_crnFalse,final_rho_E,0.5720648965945468,0.4735752208052767,0.63,3
E6,m50_delta0.02_crnFalse,accepted_rate,0.35333333333333333,0.332,0.377,3
E6,m50_delta0.02_crnFalse,false_accept_share,0.2445431761221235,0.18155844155844156,0.28779904306220094,3
E6,m50_delta0.02_crnFalse,false_reject_rate,0.0033333333333333335,0.0,0.009,3
E6,m50_delta0.02_crnFalse,diagnostic_hit_rate,0.16,0.131,0.20299999999999999,3
E6,m50_delta0.02_crnFalse,nonconverged_share,0.0,0.0,0.0,3
E6,m50_delta0.02_crnFalse,promotion_count,20.0,20.0,20.0,3
E6,m50_delta0.02_crnFalse,total_cycles,100.0,100.0,100.0,3
E6,m50_delta0.02_crnFalse,max_rejection_plateau,11.0,10.0,12.7,3
E6,m50_delta0.02_crnFalse,score_welfare_correlation,0.41515659562233775,-0.09361980229117704,0.8617972168219272,3
E6,m50_delta0.02_crnFalse,reversals_adjacent_epoch,7.666666666666667,6.2,8.9,3
E6,m50_delta0.02_crnTrue,final_W,0.27690583362085636,0.2733479186862947,0.2829542890096112,3
E6,m50_delta0.02_crnTrue,final_Q,0.42690583362085643,0.42334791868629473,0.43295428900961125,3
E6,m50_delta0.02_crnTrue,gain_W,0.0035579149345616643,0.0,0.009606370323316493,3
E6,m50_delta0.02_crnTrue,mean_W,0.27651446297805465,0.27334791868629477,0.2818975882740464,3
E6,m50_delta0.02_crnTrue,welfare_area,27.649667340338183,27.334791868629477,28.18495564224298,3
E6,m50_delta0.02_crnTrue,final_score,0.6387154368926268,0.6374299356708604,0.6409007889696297,3
E6,m50_delta0.02_crnTrue,final_reference_score,0.6387154368926268,0.6374299356708604,0.6409007889696297,3
E6,m50_delta0.02_crnTrue,final_anchor,0.3,0.3,0.3,3
E6,m50_delta0.02_crnTrue,final_separation,0.3,0.3,0.3,3
E6,m50_delta0.02_crnTrue,final_rho_E,0.63,0.63,0.63,3
E6,m50_delta0.02_crnTrue,accepted_rate,0.0033333333333333335,0.0,0.009,3
E6,m50_delta0.02_crnTrue,false_accept_share,0.0,0.0,0.0,1
E6,m50_delta0.02_crnTrue,false_reject_rate,0.04666666666666667,0.0,0.126,3
E6,m50_delta0.02_crnTrue,diagnostic_hit_rate,0.20666666666666667,0.166,0.238,3
E6,m50_delta0.02_crnTrue,nonconverged_share,0.0,0.0,0.0,3
E6,m50_delta0.02_crnTrue,promotion_count,20.0,20.0,20.0,3
E6,m50_delta0.02_crnTrue,total_cycles,100.0,100.0,100.0,3
E6,m50_delta0.02_crnTrue,max_rejection_plateau,96.0,89.2,100.0,3
E6,m50_delta0.02_crnTrue,score_welfare_correlation,0.9999999999999948,0.9999999999999948,0.9999999999999948,1
E6,m50_delta0.02_crnTrue,reversals_adjacent_epoch,0.0,0.0,0.0,3
E6,m50_delta0.0_crnFalse,final_W,0.29300819008546736,0.2651754625783173,0.33347082483340096,3
E6,m50_delta0.0_crnFalse,final_Q,0.4763441245884959,0.45335116283145527,0.5026846670292469,3
E6,m50_delta0.0_crnFalse,gain_W,0.019660271399172702,-0.0081724561079774,0.06012290614710625,3
E6,m50_delta0.0_crnFalse,mean_W,0.2859317899766247,0.27205587541176307,0.3047565256468491,3
E6,m50_delta0.0_crnFalse,welfare_area,28.58334886196289,27.205322656840313,30.44613500066011,3
E6,m50_delta0.0_crnFalse,final_score,0.6187432522389494,0.5696122309946043,0.6671587335857658,3
E6,m50_delta0.0_crnFalse,final_reference_score,0.544710349126507,0.5050221380379775,0.6018764671043779,3
E6,m50_delta0.0_crnFalse,final_anchor,0.3,0.3,0.3,3
E6,m50_delta0.0_crnFalse,final_separation,0.3,0.3,0.3,3
E6,m50_delta0.0_crnFalse,final_rho_E,0.5512548688380782,0.4543619460057293,0.6253782749821353,3
E6,m50_delta0.0_crnFalse,accepted_rate,0.3866666666666667,0.354,0.417,3
E6,m50_delta0.0_crnFalse,false_accept_share,0.2338217338217338,0.16465201465201465,0.2833333333333333,3
E6,m50_delta0.0_crnFalse,false_reject_rate,0.29333333333333333,0.226,0.37,3
E6,m50_delta0.0_crnFalse,diagnostic_hit_rate,0.17,0.10600000000000001,0.241,3
E6,m50_delta0.0_crnFalse,nonconverged_share,0.0,0.0,0.0,3
E6,m50_delta0.0_crnFalse,promotion_count,20.0,20.0,20.0,3
E6,m50_delta0.0_crnFalse,total_cycles,100.0,100.0,100.0,3
E6,m50_delta0.0_crnFalse,max_rejection_plateau,10.0,8.1,12.6,3
E6,m50_delta0.0_crnFalse,score_welfare_correlation,0.3612915334733007,-0.09353789315200914,0.7838840413868168,3
E6,m50_delta0.0_crnFalse,reversals_adjacent_epoch,8.666666666666666,5.4,11.7,3
E6,m50_delta0.0_crnTrue,final_W,0.27690583362085636,0.2733479186862947,0.2829542890096112,3
E6,m50_delta0.0_crnTrue,final_Q,0.42690583362085643,0.42334791868629473,0.43295428900961125,3
E6,m50_delta0.0_crnTrue,gain_W,0.0035579149345616643,0.0,0.009606370323316493,3
E6,m50_delta0.0_crnTrue,mean_W,0.27651446297805465,0.27334791868629477,0.2818975882740464,3
E6,m50_delta0.0_crnTrue,welfare_area,27.649667340338183,27.334791868629477,28.18495564224298,3
E6,m50_delta0.0_crnTrue,final_score,0.6387154368926268,0.6374299356708604,0.6409007889696297,3
E6,m50_delta0.0_crnTrue,final_reference_score,0.6387154368926268,0.6374299356708604,0.6409007889696297,3
E6,m50_delta0.0_crnTrue,final_anchor,0.3,0.3,0.3,3
E6,m50_delta0.0_crnTrue,final_separation,0.3,0.3,0.3,3
E6,m50_delta0.0_crnTrue,final_rho_E,0.63,0.63,0.63,3
E6,m50_delta0.0_crnTrue,accepted_rate,0.0033333333333333335,0.0,0.009,3
E6,m50_delta0.0_crnTrue,false_accept_share,0.0,0.0,0.0,1
E6,m50_delta0.0_crnTrue,false_reject_rate,0.47000000000000003,0.386,0.575,3
E6,m50_delta0.0_crnTrue,diagnostic_hit_rate,0.20666666666666667,0.166,0.238,3
E6,m50_delta0.0_crnTrue,nonconverged_share,0.0,0.0,0.0,3
E6,m50_delta0.0_crnTrue,promotion_count,20.0,20.0,20.0,3
E6,m50_delta0.0_crnTrue,total_cycles,100.0,100.0,100.0,3
E6,m50_delta0.0_crnTrue,max_rejection_plateau,96.0,89.2,100.0,3
E6,m50_delta0.0_crnTrue,score_welfare_correlation,0.9999999999999948,0.9999999999999948,0.9999999999999948,1
E6,m50_delta0.0_crnTrue,reversals_adjacent_epoch,0.0,0.0,0.0,3
E7,sparse1,final_W,0.3557323970901132,0.30861102767279625,0.40493903984932633,3
E7,sparse1,final_Q,0.5291500661511415,0.4902825042720961,0.5816355927855474,3
E7,sparse1,gain_W,0.08238447840381845,0.035263108986501514,0.13159112116303162,3
E7,sparse1,mean_W,0.3119841775004915,0.28400629753844414,0.34872634384833984,3
E7,sparse1,welfare_area,31.157225510847244,28.38299819935117,34.806838824252466,3
E7,sparse1,final_score,0.6781920908640701,0.6521671313699372,0.7059718861208585,3
E7,sparse1,final_reference_score,0.6196450707520564,0.5821471582713569,0.661367438040962,3
E7,sparse1,final_anchor,0.3,0.3,0.3,3
E7,sparse1,final_separation,0.3,0.3,0.3,3
E7,sparse1,final_rho_E,0.5567846335051801,0.45730885181753267,0.6268762073308067,3
E7,sparse1,accepted_rate,0.4000000000000001,0.381,0.426,3
E7,sparse1,false_accept_share,0.13151617863980167,0.08238866396761134,0.18059975520195837,3
E7,sparse1,false_reject_rate,0.1366666666666667,0.08600000000000001,0.185,3
E7,sparse1,diagnostic_hit_rate,0.24333333333333332,0.15300000000000002,0.315,3
E7,sparse1,nonconverged_share,0.0,0.0,0.0,3
E7,sparse1,promotion_count,20.0,20.0,20.0,3
E7,sparse1,total_cycles,100.0,100.0,100.0,3
E7,sparse1,max_rejection_plateau,10.333333333333334,8.2,12.7,3
E7,sparse1,score_welfare_correlation,0.7969409317176899,0.7087558262151945,0.9259831527439814,3
E7,sparse1,reversals_adjacent_epoch,10.666666666666666,4.0,22.0,3
E7,sparse2,final_W,0.3916803305674807,0.3852614391405017,0.39590541291938053,3
E7,sparse2,final_Q,0.5902105351486319,0.5825104025591612,0.5952834167454384,3
E7,sparse2,gain_W,0.118332411881186,0.11191352045420698,0.12255749423308579,3
E7,sparse2,mean_W,0.36092010309108646,0.3526132286764609,0.37152761103024745,3
E7,sparse2,welfare_area,36.03284410316805,35.20536610741899,37.0914823559082,3
E7,sparse2,final_score,0.7035611416293904,0.6660340605923267,0.7296399448594852,3
E7,sparse2,final_reference_score,0.658127671534102,0.6147192211108934,0.6892523431080602,3
E7,sparse2,final_anchor,0.3,0.3,0.3,3
E7,sparse2,final_separation,0.3,0.3,0.3,3
E7,sparse2,final_rho_E,0.45184768682534554,0.3712206279523532,0.510466469565356,3
E7,sparse2,accepted_rate,0.42333333333333334,0.403,0.439,3
E7,sparse2,false_accept_share,0.21254404510218464,0.18363636363636365,0.2502325581395349,3
E7,sparse2,false_reject_rate,0.16666666666666666,0.14300000000000002,0.188,3
E7,sparse2,diagnostic_hit_rate,0.5333333333333333,0.513,0.549,3
E7,sparse2,nonconverged_share,0.0,0.0,0.0,3
E7,sparse2,promotion_count,20.0,20.0,20.0,3
E7,sparse2,total_cycles,100.0,100.0,100.0,3
E7,sparse2,max_rejection_plateau,5.666666666666667,4.2,6.9,3
E7,sparse2,score_welfare_correlation,0.8844549052720807,0.842636699855553,0.930226143265797,3
E7,sparse2,reversals_adjacent_epoch,20.0,14.9,23.0,3
E7,sparse3,final_W,0.36794934149281655,0.3301562651495122,0.4099412272268296,3
E7,sparse3,final_Q,0.5553592938790033,0.5103599187944553,0.5975574518649086,3
E7,sparse3,gain_W,0.09460142280652184,0.056808346463217474,0.1365933085405349,3
E7,sparse3,mean_W,0.3048633463983113,0.2765556450028788,0.34694746941513177,3
E7,sparse3,welfare_area,30.439033928427875,27.627160327056277,34.6264502872429,3
E7,sparse3,final_score,0.7039725958649788,0.6878613986824555,0.7246144127105932,3
E7,sparse3,final_reference_score,0.6199775144482339,0.6020649042842254,0.6460583276164856,3
E7,sparse3,final_anchor,0.3,0.3,0.3,3
E7,sparse3,final_separation,0.3,0.3,0.3,3
E7,sparse3,final_rho_E,0.63,0.63,0.63,3
E7,sparse3,accepted_rate,0.3066666666666667,0.262,0.37,3
E7,sparse3,false_accept_share,0.266435319066898,0.21978021978021978,0.31113360323886635,3
E7,sparse3,false_reject_rate,0.2733333333333334,0.251,0.305,3
E7,sparse3,diagnostic_hit_rate,0.79,0.66,0.885,3
E7,sparse3,nonconverged_share,0.0,0.0,0.0,3
E7,sparse3,promotion_count,20.0,20.0,20.0,3
E7,sparse3,total_cycles,100.0,100.0,100.0,3
E7,sparse3,max_rejection_plateau,14.666666666666666,9.7,18.7,3
E7,sparse3,score_welfare_correlation,0.8301890039911647,0.7646257779909424,0.8925527055284458,3
E7,sparse3,reversals_adjacent_epoch,29.333333333333332,24.4,35.2,3
E8,K10_auto,final_W,0.3439966537866026,0.3161849544925439,0.3680351018228235,3
E8,K10_auto,final_Q,0.5160818015763898,0.48037865689829246,0.5482400909526179,3
E8,K10_auto,gain_W,0.07064873510030788,0.04283703580624923,0.09468718313652881,3
E8,K10_auto,mean_W,0.31108385074617056,0.2924691548247697,0.3338931456514734,3
E8,K10_auto,welfare_area,31.07306070706689,29.225496964573843,33.34197097357907,3
E8,K10_auto,final_score,0.6568204838609776,0.6430453528544845,0.6796160605347682,3
E8,K10_auto,final_reference_score,0.6055034325420149,0.5726643951170258,0.6337019596515052,3
E8,K10_auto,final_anchor,0.3,0.3,0.3,3
E8,K10_auto,final_separation,0.3,0.3,0.3,3
E8,K10_auto,final_rho_E,0.5017298674862273,0.43654198682457435,0.5631516080234698,3
E8,K10_auto,accepted_rate,0.43,0.413,0.44,3
E8,K10_auto,false_accept_share,0.15373244641537326,0.10598669623059867,0.18181818181818182,3
E8,K10_auto,false_reject_rate,0.13,0.112,0.148,3
E8,K10_auto,diagnostic_hit_rate,0.29,0.20400000000000001,0.348,3
E8,K10_auto,nonconverged_share,0.0,0.0,0.0,3
E8,K10_auto,promotion_count,10.0,10.0,10.0,3
E8,K10_auto,total_cycles,100.0,100.0,100.0,3
E8,K10_auto,max_rejection_plateau,8.333333333333334,6.2,10.7,3
E8,K10_auto,score_welfare_correlation,0.6878432548533064,0.5786890380575245,0.7728346487012919,3
E8,K10_auto,reversals_adjacent_epoch,16.666666666666668,7.3,24.4,3
E8,K10_gated,final_W,0.36222406570626814,0.3107927062523327,0.4021621112973054,3
E8,K10_gated,final_Q,0.5350276035122051,0.4740037435355258,0.5860635992056542,3
E8,K10_gated,gain_W,0.0888761470199735,0.037444787566037994,0.12881419261101065,3
E8,K10_gated,mean_W,0.3152437908827213,0.29221950525680623,0.33783885006653713,3
E8,K10_gated,welfare_area,31.479941014762144,29.203228131897603,33.7194779103482,3
E8,K10_gated,final_score,0.6815101102865642,0.6614381563983274,0.6987529780010353,3
E8,K10_gated,final_reference_score,0.6441885363734823,0.6247285741009523,0.669366361564735,3
E8,K10_gated,final_anchor,0.3,0.3,0.3,3
E8,K10_gated,final_separation,0.3,0.3,0.3,3
E8,K10_gated,final_rho_E,0.4910539074990692,0.3846423318899109,0.6041887400108543,3
E8,K10_gated,accepted_rate,0.4033333333333333,0.371,0.452,3
E8,K10_gated,false_accept_share,0.1453501556476385,0.10825035561877666,0.18960047003525266,3
E8,K10_gated,false_reject_rate,0.14,0.131,0.149,3
E8,K10_gated,diagnostic_hit_rate,0.2866666666666667,0.253,0.325,3
E8,K10_gated,nonconverged_share,0.0,0.0,0.0,3
E8,K10_gated,promotion_count,5.666666666666667,4.2,6.9,3
E8,K10_gated,total_cycles,200.0,200.0,200.0,3
E8,K10_gated,max_rejection_plateau,8.333333333333334,6.2,10.7,3
E8,K10_gated,score_welfare_correlation,0.7315032142050496,0.575848867376275,0.8819396818810452,3
E8,K10_gated,reversals_adjacent_epoch,13.666666666666666,5.7,22.799999999999997,3
E8,K2_auto,final_W,0.34903849276764953,0.29077688914332867,0.3999286022069729,3
E8,K2_auto,final_Q,0.5190699862259486,0.45298142672411534,0.5772665633705145,3
E8,K2_auto,gain_W,0.07569057408135486,0.017428970457033944,0.12658068352067822,3
E8,K2_auto,mean_W,0.31231097034076877,0.2786471485112634,0.35511055336501995,3
E8,K2_auto,welfare_area,31.1932517470362,27.856000365897817,35.447764994741654,3
E8,K2_auto,final_score,0.6840020111132786,0.6405129771877603,0.7244468689794431,3
E8,K2_auto,final_reference_score,0.617918503562161,0.5724850789798731,0.6737590086185624,3
E8,K2_auto,final_anchor,0.3,0.3,0.3,3
E8,K2_auto,final_separation,0.3,0.3,0.3,3
E8,K2_auto,final_rho_E,0.5981083650887541,0.5438925857396362,0.63,3
E8,K2_auto,accepted_rate,0.39999999999999997,0.374,0.419,3
E8,K2_auto,false_accept_share,0.15536616756128951,0.0900461437046803,0.20993031358885017,3
E8,K2_auto,false_reject_rate,0.10333333333333333,0.083,0.119,3
E8,K2_auto,diagnostic_hit_rate,0.21333333333333335,0.14700000000000002,0.282,3
E8,K2_auto,nonconverged_share,0.0,0.0,0.0,3
E8,K2_auto,promotion_count,50.0,50.0,50.0,3
E8,K2_auto,total_cycles,100.0,100.0,100.0,3
E8,K2_auto,max_rejection_plateau,9.0,8.1,9.9,3
E8,K2_auto,score_welfare_correlation,0.6568931325832922,0.18831509127370522,0.9607967578330447,3
E8,K2_auto,reversals_adjacent_epoch,4.0,1.2,7.5,3
E8,K2_gated,final_W,0.33148441168183534,0.30009712279184436,0.35676355242527036,3
E8,K2_gated,final_Q,0.5104198258160508,0.486562757178736,0.5356275298904635,3
E8,K2_gated,gain_W,0.05813649299554061,0.02674920410554965,0.08341563373897566,3
E8,K2_gated,mean_W,0.302713363411565,0.2819430393505599,0.33349208060001684,3
E8,K2_gated,welfare_area,30.242268094658726,28.180929333003217,33.30750024313219,3
E8,K2_gated,final_score,0.674541117902149,0.6415656153048808,0.7254432267885648,3
E8,K2_gated,final_reference_score,0.6204883796979331,0.5808566861020046,0.6775516741455576,3
E8,K2_gated,final_anchor,0.3,0.3,0.3,3
E8,K2_gated,final_separation,0.3,0.3,0.3,3
E8,K2_gated,final_rho_E,0.5990990945241766,0.5465675552152769,0.63,3
E8,K2_gated,accepted_rate,0.4266666666666666,0.393,0.46499999999999997,3
E8,K2_gated,false_accept_share,0.20302392642818176,0.1806873977086743,0.23343465045592704,3
E8,K2_gated,false_reject_rate,0.10333333333333333,0.07200000000000001,0.144,3
E8,K2_gated,diagnostic_hit_rate,0.20666666666666667,0.156,0.255,3
E8,K2_gated,nonconverged_share,0.0,0.0,0.0,3
E8,K2_gated,promotion_count,22.0,20.2,23.8,3
E8,K2_gated,total_cycles,600.0,600.0,600.0,3
E8,K2_gated,max_rejection_plateau,10.333333333333334,8.2,12.7,3
E8,K2_gated,score_welfare_correlation,0.42840970483802726,0.12980319341379015,0.7550758349714545,3
E8,K2_gated,reversals_adjacent_epoch,4.666666666666667,4.0,5.8,3
E8,K5_auto,final_W,0.3557323970901132,0.30861102767279625,0.40493903984932633,3
E8,K5_auto,final_Q,0.5291500661511415,0.4902825042720961,0.5816355927855474,3
E8,K5_auto,gain_W,0.08238447840381845,0.035263108986501514,0.13159112116303162,3
E8,K5_auto,mean_W,0.3119841775004915,0.28400629753844414,0.34872634384833984,3
E8,K5_auto,welfare_area,31.157225510847244,28.38299819935117,34.806838824252466,3
E8,K5_auto,final_score,0.6781920908640701,0.6521671313699372,0.7059718861208585,3
E8,K5_auto,final_reference_score,0.6196450707520564,0.5821471582713569,0.661367438040962,3
E8,K5_auto,final_anchor,0.3,0.3,0.3,3
E8,K5_auto,final_separation,0.3,0.3,0.3,3
E8,K5_auto,final_rho_E,0.5567846335051801,0.45730885181753267,0.6268762073308067,3
E8,K5_auto,accepted_rate,0.4000000000000001,0.381,0.426,3
E8,K5_auto,false_accept_share,0.13151617863980167,0.08238866396761134,0.18059975520195837,3
E8,K5_auto,false_reject_rate,0.1366666666666667,0.08600000000000001,0.185,3
E8,K5_auto,diagnostic_hit_rate,0.24333333333333332,0.15300000000000002,0.315,3
E8,K5_auto,nonconverged_share,0.0,0.0,0.0,3
E8,K5_auto,promotion_count,20.0,20.0,20.0,3
E8,K5_auto,total_cycles,100.0,100.0,100.0,3
E8,K5_auto,max_rejection_plateau,10.333333333333334,8.2,12.7,3
E8,K5_auto,score_welfare_correlation,0.7969409317176899,0.7087558262151945,0.9259831527439814,3
E8,K5_auto,reversals_adjacent_epoch,10.666666666666666,4.0,22.0,3
E8,K5_gated,final_W,0.3539629485215204,0.29585870070271064,0.39215972371837,3
E8,K5_gated,final_Q,0.5240980213434875,0.4555875298521921,0.5658282724270058,3
E8,K5_gated,gain_W,0.08061502983522566,0.02251078201641592,0.1188118050320753,3
E8,K5_gated,mean_W,0.31744452182932054,0.2832969823309762,0.34338239360560413,3
E8,K5_gated,welfare_area,31.70414466801444,28.31790075716752,34.28317013741951,3
E8,K5_gated,final_score,0.6942739530450237,0.6532243639075243,0.7227384973175602,3
E8,K5_gated,final_reference_score,0.6429844418375383,0.621970942784193,0.6736478629846072,3
E8,K5_gated,final_anchor,0.3,0.3,0.3,3
E8,K5_gated,final_separation,0.3,0.3,0.3,3
E8,K5_gated,final_rho_E,0.5965539692351479,0.5498648597358096,0.6287288571498862,3
E8,K5_gated,accepted_rate,0.3966666666666667,0.34600000000000003,0.445,3
E8,K5_gated,false_accept_share,0.15234204793028325,0.12805555555555556,0.17437908496732027,3
E8,K5_gated,false_reject_rate,0.1466666666666667,0.10600000000000001,0.178,3
E8,K5_gated,diagnostic_hit_rate,0.27,0.244,0.289,3
E8,K5_gated,nonconverged_share,0.0,0.0,0.0,3
E8,K5_gated,promotion_count,10.666666666666666,8.3,12.8,3
E8,K5_gated,total_cycles,300.0,300.0,300.0,3
E8,K5_gated,max_rejection_plateau,9.666666666666666,8.0,12.5,3
E8,K5_gated,score_welfare_correlation,0.7946171497907543,0.6413110729808178,0.8938429852259991,3
E8,K5_gated,reversals_adjacent_epoch,4.0,3.1,4.9,3
